com.samsung.shealth.sleep,6210049,5
original_efficiency,mental_recovery,factor_01,factor_02,factor_03,factor_04,factor_05,factor_06,factor_07,factor_08,factor_09,factor_10,has_sleep_data,combined_id,data_version,physical_recovery,original_wake_up_time,movement_awakening,original_bed_time,quality,extra_data,sleep_cycle,efficiency,sleep_score,sleep_duration,com.samsung.health.sleep.start_time,com.samsung.health.sleep.custom,com.samsung.health.sleep.update_time,com.samsung.health.sleep.create_time,com.samsung.health.sleep.time_offset,com.samsung.health.sleep.deviceuuid,com.samsung.health.sleep.comment,com.samsung.health.sleep.pkg_name,com.samsung.health.sleep.end_time,com.samsung.health.sleep.datauuid
,100.0,0,0,0,0,8,593,50,0,5,0,0,,,0.0,,2.0,,,27d11233-4d1c-fc67-aceb-fda16cbceb25.extra_data.json,4,98.0,60,593,2020-10-30 13:56:00.000,,2020-10-30 23:49:37.893,2020-10-30 23:49:35.363,UTC+0900,m6sL7dLFqc,,com.sec.android.app.shealth,2020-10-30 23:49:00.000,27d11233-4d1c-fc67-aceb-fda16cbceb25,
,58.0,17,17,5,17,29,339,106,1,14,0,0,,,20.0,,9.0,,,a8ee64ef-0db3-af5e-136a-a42c860e6d3a.extra_data.json,3,91.0,60,339,2020-11-03 15:46:00.000,,2020-11-03 21:25:52.506,2020-11-03 21:25:49.117,UTC+0900,m6sL7dLFqc,,com.sec.android.app.shealth,2020-11-03 21:25:00.000,a8ee64ef-0db3-af5e-136a-a42c860e6d3a,
,70.0,33,33,0,12,22,444,80,1,10,0,0,,,28.0,,5.0,,,fa79b92e-3cc3-6447-e810-d6c0ba407467.extra_data.json,5,95.0,79,444,2020-11-08 14:02:00.000,,2020-11-08 21:28:15.808,2020-11-08 21:26:30.177,UTC+0900,m6sL7dLFqc,,com.sec.android.app.shealth,2020-11-08 21:26:00.000,fa79b92e-3cc3-6447-e810-d6c0ba407467,
,80.0,6,6,8,8,46,345,151,1,24,0,0,,,8.0,,14.0,,,89b86eea-9090-e4a1-2a00-70c3327736a1.extra_data.json,2,86.0,45,345,2020-11-09 15:36:00.000,,2020-11-09 21:24:00.822,2020-11-09 21:23:56.087,UTC+0900,m6sL7dLFqc,,com.sec.android.app.shealth,2020-11-09 21:21:00.000,89b86eea-9090-e4a1-2a00-70c3327736a1,
,63.0,31,62,1,15,38,487,65,1,11,0,0,,,52.0,,8.0,,,30621ebe-9cd2-851a-ffc9-6a09d97c5643.extra_data.json,6,92.0,80,487,2020-11-13 13:52:00.000,,2020-11-13 22:05:26.233,2020-11-13 22:05:22.344,UTC+0900,m6sL7dLFqc,,com.sec.android.app.shealth,2020-11-13 21:59:00.000,30621ebe-9cd2-851a-ffc9-6a09d97c5643,
,93.0,15,15,11,3,36,401,172,0,13,0,0,,,16.0,,9.0,,,1b8c3f3c-6a94-720b-8352-b4979a07c555.extra_data.json,3,91.0,68,401,2020-11-15 14:46:00.000,,2020-11-15 21:38:03.570,2020-11-15 21:38:01.345,UTC+0900,m6sL7dLFqc,,com.sec.android.app.shealth,2020-11-15 21:27:00.000,1b8c3f3c-6a94-720b-8352-b4979a07c555,
,68.0,19,19,6,13,37,350,132,1,7,0,0,,,20.0,,11.0,,,9f16cfba-5b9a-2788-3273-d1b341b86115.extra_data.json,3,89.0,59,350,2020-11-22 15:29:00.000,,2020-11-22 21:20:04.467,2020-11-22 21:20:00.548,UTC+0900,m6sL7dLFqc,,com.sec.android.app.shealth,2020-11-22 21:19:00.000,9f16cfba-5b9a-2788-3273-d1b341b86115,
,50.0,18,18,11,20,42,454,196,2,20,0,0,,,16.0,,10.0,,,fec2150d-ec9b-1d3f-3b2f-d47ef70f9e5a.extra_data.json,3,90.0,52,454,2020-11-23 15:39:00.000,,2020-11-23 23:16:14.241,2020-11-23 23:16:10.392,UTC+0900,m6sL7dLFqc,,com.sec.android.app.shealth,2020-11-23 23:13:00.000,fec2150d-ec9b-1d3f-3b2f-d47ef70f9e5a,
,75.0,12,62,5,10,24,403,70,0,3,0,0,,,60.0,,6.0,,,82b05486-7155-1ff3-2104-698b23cb4818.extra_data.json,4,94.0,82,403,2020-11-29 14:59:00.000,,2020-11-29 21:42:46.425,2020-11-29 21:42:42.312,UTC+0900,m6sL7dLFqc,,com.sec.android.app.shealth,2020-11-29 21:42:00.000,82b05486-7155-1ff3-2104-698b23cb4818,
,75.0,50,50,1,10,26,360,93,1,6,0,0,,,56.0,,8.0,,,48c2b71e-ffdc-2d1e-56be-98b1fcc1b986.extra_data.json,3,92.0,88,360,2020-11-30 15:23:00.000,,2020-11-30 21:24:30.064,2020-11-30 21:24:28.322,UTC+0900,m6sL7dLFqc,,com.sec.android.app.shealth,2020-11-30 21:23:00.000,48c2b71e-ffdc-2d1e-56be-98b1fcc1b986,
,0.0,40,40,2,65,80,479,80,2,61,0,0,,,32.0,,17.0,,,74ee72a3-a84b-c074-f28d-b0beeaf265c9.extra_data.json,6,83.0,64,479,2020-12-08 15:33:00.000,,2020-12-08 23:32:33.011,2020-12-08 23:32:27.508,UTC+0900,m6sL7dLFqc,,com.sec.android.app.shealth,2020-12-08 23:32:00.000,74ee72a3-a84b-c074-f28d-b0beeaf265c9,
,45.0,0,24,13,22,77,491,191,3,68,0,0,,,20.0,,16.0,,,34faca92-3e59-40cb-bc43-4d84cfb2e141.extra_data.json,4,84.0,38,491,2020-12-10 15:55:00.000,,2020-12-11 00:06:16.535,2020-12-11 00:06:14.372,UTC+0900,m6sL7dLFqc,,com.sec.android.app.shealth,2020-12-11 00:06:00.000,34faca92-3e59-40cb-bc43-4d84cfb2e141,
,88.0,31,48,2,5,27,362,63,0,17,1,0,,,52.0,,8.0,,,4e8b0985-a4d5-f860-81fb-e07396e9d0b1.extra_data.json,3,92.0,86,363,2020-12-15 15:27:00.000,,2020-12-16 00:46:00.216,2020-12-15 21:46:23.384,UTC+0900,m6sL7dLFqc,,com.sec.android.app.shealth,2020-12-15 21:30:00.000,4e8b0985-a4d5-f860-81fb-e07396e9d0b1,
,88.0,21,21,1,5,29,319,77,2,19,0,0,,,28.0,,10.0,,,cf7db995-0dde-56ec-075d-88e06a081959.extra_data.json,3,90.0,66,319,2020-12-16 16:07:00.000,,2020-12-16 21:28:55.971,2020-12-16 21:28:52.279,UTC+0900,m6sL7dLFqc,,com.sec.android.app.shealth,2020-12-16 21:26:00.000,cf7db995-0dde-56ec-075d-88e06a081959,
,80.0,18,18,4,8,18,342,99,0,4,0,0,,,20.0,,6.0,,,1edf4b0d-843f-f822-0a48-12363e47e373.extra_data.json,5,94.0,71,342,2020-12-29 15:40:00.000,,2020-12-29 21:23:39.079,2020-12-29 21:23:36.259,UTC+0900,m6sL7dLFqc,,com.sec.android.app.shealth,2020-12-29 21:22:00.000,1edf4b0d-843f-f822-0a48-12363e47e373,
,93.0,28,28,28,3,35,344,226,0,20,0,0,,,32.0,,11.0,,,9cd592c7-1328-77e5-679f-6df03490753d.extra_data.json,2,89.0,58,344,2021-01-03 15:44:00.000,,2021-01-03 21:28:18.065,2021-01-03 21:28:15.370,UTC+0900,m6sL7dLFqc,,com.sec.android.app.shealth,2021-01-03 21:28:00.000,9cd592c7-1328-77e5-679f-6df03490753d,
,100.0,0,0,0,0,0,26,0,0,0,0,0,,,0.0,,0.0,,,ca806e7a-8092-8bde-2dc9-50bca787787d.extra_data.json,0,100.0,39,26,2021-01-10 21:49:00.000,,2021-01-10 22:16:20.131,2021-01-10 22:16:18.345,UTC+0900,m6sL7dLFqc,,com.sec.android.app.shealth,2021-01-10 22:15:00.000,ca806e7a-8092-8bde-2dc9-50bca787787d,
,95.0,14,14,26,2,39,326,267,0,24,0,0,,,16.0,,12.0,,,a19a3f38-5521-8c3e-bd6e-7d7d917972d8.extra_data.json,2,88.0,53,326,2021-01-13 15:59:00.000,,2021-01-13 21:26:22.053,2021-01-13 21:26:15.394,UTC+0900,m6sL7dLFqc,,com.sec.android.app.shealth,2021-01-13 21:25:00.000,a19a3f38-5521-8c3e-bd6e-7d7d917972d8,
,18.0,35,35,16,42,67,421,216,3,50,0,0,,1,57.0,,35.0,,,7daeb286-9261-2f4c-113a-9d95cc89ad25.extra_data.json,4,84.0,58,421,2021-01-21 16:01:00.000,,2021-01-21 23:02:10.487,2021-01-21 23:02:07.329,UTC+0900,m6sL7dLFqc,,com.sec.android.app.shealth,2021-01-21 23:02:00.000,7daeb286-9261-2f4c-113a-9d95cc89ad25,
,70.0,0,35,0,0,0,60,0,0,0,0,0,,1,64.0,,0.0,,,1566c9ea-c486-6f6f-b0b7-8849abd8d2e0.extra_data.json,0,100.0,54,60,2021-01-24 06:41:00.000,,2021-01-24 07:58:18.459,2021-01-24 07:48:03.338,UTC+0900,m6sL7dLFqc,,com.sec.android.app.shealth,2021-01-24 07:41:00.000,1566c9ea-c486-6f6f-b0b7-8849abd8d2e0,
,31.0,4,4,6,29,64,381,126,4,51,0,0,,1,40.0,,35.0,,,3cc20697-3044-8692-259f-a33d9e3fa342.extra_data.json,6,83.0,46,381,2021-02-01 16:24:00.000,,2021-02-01 22:45:48.663,2021-02-01 22:45:44.390,UTC+0900,m6sL7dLFqc,,com.sec.android.app.shealth,2021-02-01 22:45:00.000,3cc20697-3044-8692-259f-a33d9e3fa342,
,66.0,28,28,9,4,19,322,183,1,6,0,0,,1,47.0,,13.0,,,2d78b5ff-9068-ee06-2ac6-1039e17323c0.extra_data.json,2,94.0,62,322,2021-02-02 16:38:00.000,,2021-02-02 22:01:20.241,2021-02-02 22:01:18.115,UTC+0900,m6sL7dLFqc,,com.sec.android.app.shealth,2021-02-02 22:00:00.000,2d78b5ff-9068-ee06-2ac6-1039e17323c0,
,72.0,6,6,8,3,12,227,200,0,4,0,0,,1,27.0,,11.0,,,e6e321c9-8b16-5ed0-df2f-ca61c03a41ac.extra_data.json,1,94.0,60,227,2021-02-18 17:17:00.000,,2021-03-03 10:29:56.322,2021-02-18 21:04:17.111,UTC+0900,m6sL7dLFqc,,com.sec.android.app.shealth,2021-02-18 21:04:00.000,e6e321c9-8b16-5ed0-df2f-ca61c03a41ac,
,33.0,14,14,14,37,83,504,199,2,56,0,0,,1,56.0,,35.0,,,aa16d12b-ead3-3d6c-2730-9f47ffe9d51c.extra_data.json,4,83.0,48,504,2021-03-02 15:24:00.000,,2021-03-03 10:29:56.345,2021-03-02 23:48:47.289,UTC+0900,m6sL7dLFqc,,com.sec.android.app.shealth,2021-03-02 23:48:00.000,aa16d12b-ead3-3d6c-2730-9f47ffe9d51c,
,67.0,18,38,2,8,48,320,61,1,29,0,0,,1,56.0,,27.0,,,fc15260e-f6f4-ddfd-75af-432b6bd4d0d5.extra_data.json,3,85.0,63,320,2021-03-09 17:23:00.000,,2021-03-09 22:47:48.963,2021-03-09 22:46:42.315,UTC+0900,m6sL7dLFqc,,com.sec.android.app.shealth,2021-03-09 22:43:00.000,fc15260e-f6f4-ddfd-75af-432b6bd4d0d5,
,81.0,15,43,6,4,60,321,83,0,52,0,0,,1,53.0,,42.0,,,58a7c4d7-a3a7-c59e-1f0a-d1c8cf149c46.extra_data.json,3,81.0,71,321,2021-03-10 17:38:00.000,,2021-03-10 23:07:26.332,2021-03-10 23:07:19.306,UTC+0900,m6sL7dLFqc,,com.sec.android.app.shealth,2021-03-10 22:59:00.000,58a7c4d7-a3a7-c59e-1f0a-d1c8cf149c46,
,58.0,0,0,3,7,10,106,106,1,10,0,0,,1,11.0,,22.0,,,d71524fe-871c-4456-266b-e1728a0dbe8d.extra_data.json,1,90.0,37,106,2021-04-13 11:20:00.000,,2021-04-13 13:13:17.611,2021-04-13 13:13:15.019,UTC+0900,m6sL7dLFqc,,com.sec.android.app.shealth,2021-04-13 13:06:00.000,d71524fe-871c-4456-266b-e1728a0dbe8d,
,70.0,0,15,6,5,49,368,62,1,32,0,0,,1,41.0,,32.0,,,5e370a08-6b19-956b-1285-efea5ac1e47f.extra_data.json,3,86.0,57,368,2021-04-13 16:52:00.000,,2021-04-13 23:00:19.066,2021-04-13 23:00:14.805,UTC+0900,m6sL7dLFqc,,com.sec.android.app.shealth,2021-04-13 23:00:00.000,5e370a08-6b19-956b-1285-efea5ac1e47f,
,5.0,43,43,7,60,86,395,200,2,75,0,0,,1,59.0,,44.0,,,6292c77d-c55f-6cc9-156e-0f9019470929.extra_data.json,3,78.0,61,395,2021-04-19 16:17:00.000,,2021-04-19 22:52:53.625,2021-04-19 22:52:50.368,UTC+0900,m6sL7dLFqc,,com.sec.android.app.shealth,2021-04-19 22:52:00.000,6292c77d-c55f-6cc9-156e-0f9019470929,
,40.0,11,11,4,25,44,354,65,3,23,0,0,,1,45.0,,25.0,,,8969c2f7-0c04-e16c-6d7c-f74147554d8e.extra_data.json,5,87.0,48,354,2021-04-21 16:58:00.000,,2021-04-21 22:52:40.661,2021-04-21 22:52:38.371,UTC+0900,m6sL7dLFqc,,com.sec.android.app.shealth,2021-04-21 22:52:00.000,8969c2f7-0c04-e16c-6d7c-f74147554d8e,
,32.0,0,0,0,28,49,368,81,3,26,0,0,,1,37.0,,20.0,,,721d4040-4605-743e-6810-63bb6057813e.extra_data.json,4,86.0,41,368,2021-04-27 16:24:00.000,,2021-04-27 22:40:44.963,2021-04-27 22:32:42.103,UTC+0900,m6sL7dLFqc,,com.sec.android.app.shealth,2021-04-27 22:32:00.000,721d4040-4605-743e-6810-63bb6057813e,
,4.0,26,38,0,56,66,379,74,3,51,2,0,,1,62.0,,31.0,,,69537625-693a-5755-ac26-5dcd917e4d2a.extra_data.json,4,82.0,63,381,2021-04-26 16:51:00.000,,2021-04-27 02:42:35.663,2021-04-26 23:30:29.424,UTC+0900,m6sL7dLFqc,,com.sec.android.app.shealth,2021-04-26 23:12:00.000,69537625-693a-5755-ac26-5dcd917e4d2a,
,53.0,0,0,0,22,51,297,63,1,36,4,0,8aa14c78-c6f6-439b-9698-41c847cc5fbc,1,30.0,,29.0,,,4c7349ab-43ee-7d33-d534-478aca1c2583.extra_data.json,3,82.0,38,301,2021-05-02 16:18:00.000,,2021-05-02 22:33:31.953,2021-05-02 21:35:02.352,UTC+0900,m6sL7dLFqc,,com.sec.android.app.shealth,2021-05-02 21:19:00.000,4c7349ab-43ee-7d33-d534-478aca1c2583,
,70.0,0,16,0,0,0,47,0,0,0,0,0,8aa14c78-c6f6-439b-9698-41c847cc5fbc,1,39.0,,0.0,,,349bdcad-2cdf-de6e-af90-01da28e8bbc0.extra_data.json,0,100.0,54,47,2021-05-02 21:44:00.000,,2021-05-02 22:33:31.966,2021-05-02 22:33:30.325,UTC+0900,m6sL7dLFqc,,com.sec.android.app.shealth,2021-05-02 22:31:00.000,349bdcad-2cdf-de6e-af90-01da28e8bbc0,
,52.0,38,38,3,8,67,421,194,2,48,0,0,,1,59.0,,29.0,,,874389d1-d0cb-f07f-0697-f4be10da51ba.extra_data.json,2,84.0,59,421,2021-05-05 15:58:00.000,,2021-05-05 22:59:33.147,2021-05-05 22:59:30.377,UTC+0900,m6sL7dLFqc,,com.sec.android.app.shealth,2021-05-05 22:59:00.000,874389d1-d0cb-f07f-0697-f4be10da51ba,
,75.0,12,12,9,0,49,272,169,0,39,0,0,,1,34.0,,38.0,,,dabec825-8fa4-94d8-7278-818acd9047fa.extra_data.json,1,81.0,53,272,2021-05-06 16:45:00.000,,2021-05-06 21:21:24.102,2021-05-06 21:21:20.330,UTC+0900,m6sL7dLFqc,,com.sec.android.app.shealth,2021-05-06 21:17:00.000,dabec825-8fa4-94d8-7278-818acd9047fa,
,54.0,0,21,3,16,62,405,60,2,29,0,0,,1,46.0,,27.0,,,6361a384-4f88-fadf-bec7-2cc216df9091.extra_data.json,4,84.0,49,405,2021-05-13 15:50:00.000,,2021-05-13 22:38:45.829,2021-05-13 22:38:28.329,UTC+0900,m6sL7dLFqc,,com.sec.android.app.shealth,2021-05-13 22:35:00.000,6361a384-4f88-fadf-bec7-2cc216df9091,
,36.0,0,52,4,44,91,653,67,2,57,0,0,,1,73.0,,29.0,,,0641ff97-66f0-47b4-6bb0-ed05343e1a2f.extra_data.json,6,86.0,43,653,2021-05-14 15:58:00.000,,2021-05-15 02:53:29.132,2021-05-15 02:53:24.101,UTC+0900,m6sL7dLFqc,,com.sec.android.app.shealth,2021-05-15 02:51:00.000,0641ff97-66f0-47b4-6bb0-ed05343e1a2f,
,65.0,23,42,3,10,16,328,88,1,4,0,0,,1,56.0,,10.0,,,f6619570-3233-4ecd-61a9-5c4b23934a45.extra_data.json,3,95.0,71,328,2021-05-17 16:37:00.000,,2021-05-17 22:05:26.257,2021-05-17 22:05:23.630,UTC+0900,m6sL7dLFqc,,com.sec.android.app.shealth,2021-05-17 22:05:00.000,f6619570-3233-4ecd-61a9-5c4b23934a45,
,82.0,36,36,9,3,41,310,139,0,30,0,0,,1,53.0,,29.0,,,78c758f9-4cb8-6f39-3acf-3b0108b1f0e5.extra_data.json,3,86.0,70,310,2021-05-18 18:48:00.000,,2021-05-19 00:14:10.458,2021-05-19 00:14:07.276,UTC+0900,m6sL7dLFqc,,com.sec.android.app.shealth,2021-05-18 23:58:00.000,78c758f9-4cb8-6f39-3acf-3b0108b1f0e5,
,52.0,29,39,2,13,42,385,77,3,26,0,0,,1,64.0,,20.0,,,edd76bb8-b38e-9988-517c-70f9de6a213a.extra_data.json,5,89.0,66,385,2021-05-22 17:37:00.000,,2021-05-23 00:02:09.516,2021-05-23 00:02:06.572,UTC+0900,m6sL7dLFqc,,com.sec.android.app.shealth,2021-05-23 00:02:00.000,edd76bb8-b38e-9988-517c-70f9de6a213a,
,74.0,35,35,12,6,28,296,168,0,7,0,0,,1,50.0,,19.0,,,025c791c-be86-34f0-b2eb-599a805565c8.extra_data.json,2,90.0,64,296,2021-05-23 16:29:00.000,,2021-05-23 21:25:58.027,2021-05-23 21:25:55.351,UTC+0900,m6sL7dLFqc,,com.sec.android.app.shealth,2021-05-23 21:25:00.000,025c791c-be86-34f0-b2eb-599a805565c8,
,83.0,24,24,1,2,23,264,60,0,5,1,0,,1,51.0,,12.0,,,cf9c5689-813c-2656-75c6-5fa2d52a6c88.extra_data.json,3,90.0,78,265,2021-05-27 16:31:06.248,,2021-05-28 03:26:45.946,2021-05-28 00:32:46.913,UTC+0900,m6sL7dLFqc,,com.sec.android.app.shealth,2021-05-27 20:56:06.248,cf9c5689-813c-2656-75c6-5fa2d52a6c88,
,49.0,30,30,3,21,27,263,90,2,15,0,0,,1,51.0,,19.0,,,ad3b05a8-0171-e86d-f4a9-c232b247a9ec.extra_data.json,4,89.0,60,263,2021-05-28 17:16:00.000,,2021-05-28 21:39:43.350,2021-05-28 21:39:40.597,UTC+0900,m6sL7dLFqc,,com.sec.android.app.shealth,2021-05-28 21:39:00.000,ad3b05a8-0171-e86d-f4a9-c232b247a9ec,
,68.0,41,53,4,12,41,444,88,1,14,0,0,,1,75.0,,17.0,,,4cd0926d-799b-ba97-12b6-063088d989c1.extra_data.json,4,90.0,78,444,2021-06-02 15:53:00.000,,2021-06-02 23:19:36.542,2021-06-02 23:17:41.341,UTC+0900,m6sL7dLFqc,,com.sec.android.app.shealth,2021-06-02 23:17:00.000,4cd0926d-799b-ba97-12b6-063088d989c1,
,80.0,18,18,4,5,18,294,92,0,3,0,0,,1,43.0,,11.0,,,14aec4bb-0b66-a6ac-3ba1-c56086836c0e.extra_data.json,3,93.0,76,294,2021-06-03 16:46:00.000,,2021-06-03 21:42:50.698,2021-06-03 21:42:47.349,UTC+0900,m6sL7dLFqc,,com.sec.android.app.shealth,2021-06-03 21:40:00.000,14aec4bb-0b66-a6ac-3ba1-c56086836c0e,
,75.0,16,16,6,0,25,128,89,0,25,0,0,,1,32.0,,46.0,,,400a7180-0888-e482-e2ef-29071f8c8296.extra_data.json,1,80.0,66,128,2021-06-13 07:10:00.000,,2021-06-13 09:31:49.950,2021-06-13 09:30:10.389,UTC+0900,m6sL7dLFqc,,com.sec.android.app.shealth,2021-06-13 09:18:00.000,400a7180-0888-e482-e2ef-29071f8c8296,
,59.0,0,0,2,6,9,90,90,1,6,0,0,85225470-242b-45a7-b506-2f2baa1a7a71,1,9.0,,19.0,,,018f6b35-32f7-dcef-cf60-9f527e8faacc.extra_data.json,1,90.0,36,90,2021-06-13 17:03:00.000,,2021-06-13 21:41:54.000,2021-06-13 18:40:42.322,UTC+0900,m6sL7dLFqc,,com.sec.android.app.shealth,2021-06-13 18:33:00.000,018f6b35-32f7-dcef-cf60-9f527e8faacc,
,48.0,71,71,7,7,57,357,162,2,48,0,0,,1,73.0,,34.0,,,2209ea19-161c-e72f-eb3c-4cf40b66bf2a.extra_data.json,1,84.0,63,357,2021-06-22 16:20:00.000,,2021-06-22 22:31:02.609,2021-06-22 22:17:18.883,UTC+0900,m6sL7dLFqc,,com.sec.android.app.shealth,2021-06-22 22:17:00.000,2209ea19-161c-e72f-eb3c-4cf40b66bf2a,
,73.0,34,34,13,12,54,394,169,0,30,0,0,,1,56.0,,29.0,,,4875ff9d-eb6b-44af-39f6-9525a668a6be.extra_data.json,3,86.0,69,394,2021-06-23 16:31:00.000,,2021-06-23 23:07:35.214,2021-06-23 23:06:28.888,UTC+0900,m6sL7dLFqc,,com.sec.android.app.shealth,2021-06-23 23:05:00.000,4875ff9d-eb6b-44af-39f6-9525a668a6be,
,45.0,17,17,3,25,70,386,76,2,57,0,0,,1,52.0,,37.0,,,251f3085-e198-4673-a582-cec019bdb9db.extra_data.json,4,81.0,54,386,2021-07-26 16:09:00.000,,2021-07-26 22:38:31.804,2021-07-26 22:35:11.525,UTC+0900,m6sL7dLFqc,,com.sec.android.app.shealth,2021-07-26 22:35:00.000,251f3085-e198-4673-a582-cec019bdb9db,
,70.0,0,26,0,0,0,60,0,0,0,0,0,,1,49.0,,0.0,,,4a20f42b-a2fa-f5cb-7c7f-5e33491b2f90.extra_data.json,0,100.0,54,60,2021-07-27 02:28:00.000,,2021-07-27 03:28:30.396,2021-07-27 03:28:28.377,UTC+0900,m6sL7dLFqc,,com.sec.android.app.shealth,2021-07-27 03:28:00.000,4a20f42b-a2fa-f5cb-7c7f-5e33491b2f90,
,85.0,17,32,4,0,55,363,119,0,44,0,0,,1,51.0,,31.0,,,c13cfc39-fa87-576e-d0d3-9cfd5531b137.extra_data.json,3,84.0,75,363,2021-08-11 16:41:00.000,,2021-08-11 22:45:29.691,2021-08-11 22:45:26.124,UTC+0900,m6sL7dLFqc,,com.sec.android.app.shealth,2021-08-11 22:44:00.000,c13cfc39-fa87-576e-d0d3-9cfd5531b137,
,18.0,38,38,4,37,67,377,108,4,48,0,0,,1,62.0,,34.0,,,0cacf2c6-8535-019b-c060-8276fb3a7fc4.extra_data.json,5,82.0,66,377,2021-08-16 17:13:00.000,,2021-08-16 23:31:23.094,2021-08-16 23:31:19.449,UTC+0900,m6sL7dLFqc,,com.sec.android.app.shealth,2021-08-16 23:30:00.000,0cacf2c6-8535-019b-c060-8276fb3a7fc4,
,56.0,24,24,1,9,18,299,100,2,7,0,0,,1,48.0,,9.0,,,ef799339-14a5-201e-be37-65f3f753b097.extra_data.json,3,93.0,64,299,2021-08-30 16:28:00.000,,2021-08-30 21:27:16.542,2021-08-30 21:27:12.557,UTC+0900,m6sL7dLFqc,,com.sec.android.app.shealth,2021-08-30 21:27:00.000,ef799339-14a5-201e-be37-65f3f753b097,
,70.0,0,0,7,5,12,127,117,0,3,0,0,8436ca21-3514-43ca-bb4f-484d379e9b29,1,13.0,,18.0,,,1eed07e5-4394-53de-b69f-3c0c6ad89682.extra_data.json,1,90.0,48,127,2021-08-29 19:17:00.000,,2021-08-29 21:24:36.957,2021-08-29 21:24:35.114,UTC+0900,m6sL7dLFqc,,com.sec.android.app.shealth,2021-08-29 21:24:00.000,1eed07e5-4394-53de-b69f-3c0c6ad89682,
,47.0,0,0,6,23,44,300,123,2,28,0,0,,1,30.0,,29.0,,,f036af75-b212-e924-163e-be2322077460.extra_data.json,4,85.0,28,300,2021-09-06 20:47:00.000,,2021-09-07 01:49:48.638,2021-09-07 01:49:46.623,UTC+0900,m6sL7dLFqc,,com.sec.android.app.shealth,2021-09-07 01:47:00.000,f036af75-b212-e924-163e-be2322077460,
,43.0,49,49,13,22,82,418,165,2,63,0,0,,1,65.0,,43.0,,,eac283f2-9060-b4c4-af04-5e2d4428282a.extra_data.json,3,80.0,60,418,2021-09-08 17:16:00.000,,2021-09-09 00:17:22.905,2021-09-09 00:17:19.378,UTC+0900,m6sL7dLFqc,,com.sec.android.app.shealth,2021-09-09 00:14:00.000,eac283f2-9060-b4c4-af04-5e2d4428282a,
,47.0,0,0,22,23,46,158,123,1,32,0,0,0958fe29-6ffc-436b-8ccb-5e12a75f3d0f,1,16.0,,67.0,,,12ffd57a-bedb-7f20-676b-2294f0b0bbf8.extra_data.json,2,70.0,25,158,2021-09-10 21:10:00.000,,2021-09-10 23:48:08.714,2021-09-10 23:48:05.219,UTC+0900,m6sL7dLFqc,,com.sec.android.app.shealth,2021-09-10 23:48:00.000,12ffd57a-bedb-7f20-676b-2294f0b0bbf8,
,60.0,22,43,2,15,22,374,72,2,11,0,0,,1,61.0,,12.0,,,4cbd792d-cdfb-bd8a-887d-5cd2be2353ba.extra_data.json,5,94.0,70,374,2021-09-11 16:37:00.000,,2021-09-11 22:52:32.134,2021-09-11 22:52:29.346,UTC+0900,m6sL7dLFqc,,com.sec.android.app.shealth,2021-09-11 22:51:00.000,4cbd792d-cdfb-bd8a-887d-5cd2be2353ba,
,53.0,11,11,15,17,41,416,186,2,18,0,0,,1,47.0,,22.0,,,87a4bdf4-69e4-07c8-2f42-b51b65ddf4c6.extra_data.json,4,90.0,52,416,2021-09-18 16:20:00.000,,2021-09-18 23:17:45.216,2021-09-18 23:17:42.430,UTC+0900,m6sL7dLFqc,,com.sec.android.app.shealth,2021-09-18 23:16:00.000,87a4bdf4-69e4-07c8-2f42-b51b65ddf4c6,
,38.0,28,63,4,37,84,370,75,1,70,0,0,,1,69.0,,47.0,,,2d75c3da-ee49-15f2-6c4e-034a6c87c525.extra_data.json,3,77.0,67,370,2021-09-16 16:54:00.000,,2021-09-16 23:04:56.988,2021-09-16 23:04:53.506,UTC+0900,m6sL7dLFqc,,com.sec.android.app.shealth,2021-09-16 23:04:00.000,2d75c3da-ee49-15f2-6c4e-034a6c87c525,
,80.0,50,50,6,5,34,237,105,0,21,0,0,bc76c54c-5c33-4e2b-aa1a-9ee6e744d5b9,1,64.0,,29.0,,,dff97bd9-58ae-8adb-bea2-0699d1b197ce.extra_data.json,3,85.0,84,237,2021-09-24 15:42:00.000,,2021-09-25 00:32:00.082,2021-09-24 19:43:00.616,UTC+0900,m6sL7dLFqc,,com.sec.android.app.shealth,2021-09-24 19:39:00.000,dff97bd9-58ae-8adb-bea2-0699d1b197ce,
,40.0,42,42,1,40,55,298,92,1,32,0,0,,1,62.0,,30.0,,,39d7e60f-594e-1b84-8a0d-4d219ef1d255.extra_data.json,4,81.0,65,298,2021-09-23 19:06:00.000,,2021-09-24 00:07:13.925,2021-09-24 00:07:11.462,UTC+0900,m6sL7dLFqc,,com.sec.android.app.shealth,2021-09-24 00:04:00.000,39d7e60f-594e-1b84-8a0d-4d219ef1d255,
,29.0,32,45,5,36,66,322,77,2,51,0,0,,1,63.0,,43.0,,,015b21b2-0752-39a1-d3ad-ecd292642e71.extra_data.json,3,79.0,60,322,2021-09-29 16:59:00.000,,2021-09-29 22:35:07.794,2021-09-29 22:35:04.664,UTC+0900,m6sL7dLFqc,,com.sec.android.app.shealth,2021-09-29 22:21:00.000,015b21b2-0752-39a1-d3ad-ecd292642e71,
,51.0,0,4,5,14,49,343,94,2,34,0,0,,1,35.0,,30.0,,,e9e36d3d-999f-ade6-86b2-c20e9f56dbca.extra_data.json,3,85.0,43,343,2021-09-28 15:54:00.000,,2021-09-28 21:43:13.715,2021-09-28 21:43:10.863,UTC+0900,m6sL7dLFqc,,com.sec.android.app.shealth,2021-09-28 21:37:00.000,e9e36d3d-999f-ade6-86b2-c20e9f56dbca,
,65.0,18,24,5,10,34,267,64,1,18,0,0,,1,47.0,,27.0,,,eb16a576-40f3-9172-58a8-a9cf274ab3dd.extra_data.json,3,87.0,61,267,2021-10-10 18:08:00.000,,2021-10-10 22:43:34.631,2021-10-10 22:43:31.353,UTC+0900,m6sL7dLFqc,,com.sec.android.app.shealth,2021-10-10 22:35:00.000,eb16a576-40f3-9172-58a8-a9cf274ab3dd,
,68.0,0,2,6,7,18,299,62,1,11,0,0,,1,31.0,,19.0,,,28472d77-2dfc-5f81-70d4-726cb39bf5a3.extra_data.json,3,93.0,50,299,2021-10-09 18:00:00.000,,2021-10-09 23:05:17.786,2021-10-09 23:05:13.349,UTC+0900,m6sL7dLFqc,,com.sec.android.app.shealth,2021-10-09 22:59:00.000,28472d77-2dfc-5f81-70d4-726cb39bf5a3,
,49.0,13,13,2,16,35,166,131,1,32,0,0,,1,28.0,,42.0,,,f9022416-2fed-b042-45f5-2e60c98b7468.extra_data.json,1,78.0,46,166,2021-11-02 16:17:00.000,,2021-11-02 19:03:48.743,2021-11-02 19:03:46.410,UTC+0900,m6sL7dLFqc,,com.sec.android.app.shealth,2021-11-02 19:03:00.000,f9022416-2fed-b042-45f5-2e60c98b7468,
,33.0,77,77,4,27,41,458,176,3,16,0,0,,1,80.0,,15.0,,,bc6fd0e8-be66-16e9-55d4-87a55e13a4fd.extra_data.json,4,91.0,73,458,2021-11-05 14:59:00.000,,2021-11-05 22:38:15.812,2021-11-05 22:38:11.329,UTC+0900,m6sL7dLFqc,,com.sec.android.app.shealth,2021-11-05 22:37:00.000,bc6fd0e8-be66-16e9-55d4-87a55e13a4fd,
,51.0,39,39,1,19,42,426,100,2,21,0,0,,1,67.0,,16.0,,,80585f4b-3646-8cd9-8f7a-45015c15393e.extra_data.json,4,90.0,70,426,2021-11-29 16:47:00.000,,2021-11-29 23:54:02.942,2021-11-29 23:53:57.385,UTC+0900,m6sL7dLFqc,,com.sec.android.app.shealth,2021-11-29 23:53:00.000,80585f4b-3646-8cd9-8f7a-45015c15393e,
,82.0,31,55,0,3,38,449,87,0,19,0,0,,1,71.0,,13.0,,,25a93a21-1f14-4e8d-9ecc-9bdf24e1d479.extra_data.json,3,91.0,88,449,2021-12-04 16:10:00.000,,2021-12-04 23:46:35.830,2021-12-04 23:46:26.487,UTC+0900,PkMNM+JAvu,,com.sec.android.app.shealth,2021-12-04 23:39:00.000,25a93a21-1f14-4e8d-9ecc-9bdf24e1d479,
,70.0,3,3,2,5,10,131,92,0,0,0,0,,2,17.0,,10.0,,,937b6777-b488-4f71-b83e-e78508c629b2.extra_data.json,1,92.0,69,131,2021-12-09 16:01:00.000,,2021-12-09 18:13:36.758,2021-12-09 18:13:30.487,UTC+0900,PkMNM+JAvu,,com.sec.android.app.shealth,2021-12-09 18:12:00.000,937b6777-b488-4f71-b83e-e78508c629b2,
,63.0,31,37,1,12,28,384,90,1,12,0,0,,2,62.0,,12.0,,,ab04fc3e-b061-4bcc-bea4-b6f09585f7a9.extra_data.json,3,92.0,81,384,2021-12-11 16:46:00.000,,2021-12-11 23:15:12.650,2021-12-11 23:15:04.976,UTC+0900,PkMNM+JAvu,,com.sec.android.app.shealth,2021-12-11 23:10:00.000,ab04fc3e-b061-4bcc-bea4-b6f09585f7a9,
,53.0,29,29,5,12,26,300,82,2,16,0,0,,2,54.0,,20.0,,,c5897868-6920-41a5-bbaf-f7309aed226c.extra_data.json,3,91.0,61,300,2021-12-21 17:38:00.000,,2021-12-21 22:43:06.546,2021-12-21 22:42:55.630,UTC+0900,PkMNM+JAvu,,com.sec.android.app.shealth,2021-12-21 22:38:00.000,c5897868-6920-41a5-bbaf-f7309aed226c,
,64.0,26,33,4,11,33,379,79,1,19,0,0,,2,60.0,,19.0,,,d0d675d9-8d46-4d87-9689-457caae72cb3.extra_data.json,3,91.0,74,379,2021-12-22 16:10:00.000,,2021-12-22 22:34:07.351,2021-12-22 22:33:55.456,UTC+0900,PkMNM+JAvu,,com.sec.android.app.shealth,2021-12-22 22:29:00.000,d0d675d9-8d46-4d87-9689-457caae72cb3,
,68.0,0,0,5,12,60,650,186,2,37,0,0,,2,65.0,,18.0,,,d56ffb78-50ba-492e-859f-652fba921785.extra_data.json,6,90.0,44,650,2022-01-03 10:47:00.000,,2022-01-03 21:43:15.559,2022-01-03 21:43:02.766,UTC-0800,PkMNM+JAvu,,com.sec.android.app.shealth,2022-01-03 21:37:00.000,d56ffb78-50ba-492e-859f-652fba921785,
,68.0,38,44,7,7,29,399,164,1,12,0,0,,2,60.0,,15.0,,,700c39c1-c8c1-4a20-b01a-333283511712.extra_data.json,3,92.0,76,399,2022-01-04 11:00:00.000,,2022-01-04 17:39:25.632,2022-01-04 17:39:13.844,UTC-0800,PkMNM+JAvu,,com.sec.android.app.shealth,2022-01-04 17:39:00.000,700c39c1-c8c1-4a20-b01a-333283511712,
,73.0,2,2,5,2,42,172,118,0,33,0,0,,2,19.0,,48.0,,,54cffdc5-78e7-4afb-8668-8748150e4984.extra_data.json,1,75.0,62,172,2022-01-08 17:26:00.000,,2022-01-08 20:23:37.967,2022-01-08 20:23:33.585,UTC-0800,PkMNM+JAvu,,com.sec.android.app.shealth,2022-01-08 20:18:00.000,54cffdc5-78e7-4afb-8668-8748150e4984,
,52.0,56,56,4,18,38,324,124,2,25,0,0,,2,68.0,,23.0,,,b4f69c8e-7cc8-4961-b58c-73b4a5fab774.extra_data.json,4,88.0,58,324,2022-01-09 10:11:00.000,,2022-01-09 15:36:12.598,2022-01-09 15:36:08.093,UTC-0800,PkMNM+JAvu,,com.sec.android.app.shealth,2022-01-09 15:35:00.000,b4f69c8e-7cc8-4961-b58c-73b4a5fab774,
,60.0,0,12,3,10,41,241,109,1,22,0,0,,2,29.0,,29.0,,,13f6231a-3ed8-43bc-897f-3e3baa29bc93.extra_data.json,2,82.0,50,241,2022-01-25 18:04:00.000,,2022-01-25 22:05:17.492,2022-01-25 22:05:10.002,UTC+0900,PkMNM+JAvu,,com.sec.android.app.shealth,2022-01-25 22:05:00.000,13f6231a-3ed8-43bc-897f-3e3baa29bc93,
,62.0,2,47,4,18,26,386,73,1,17,0,0,,2,52.0,,17.0,,,98d5c1cf-0154-45c7-b4ff-7204bea7ca5e.extra_data.json,4,93.0,72,386,2022-01-27 16:54:00.000,,2022-01-27 23:22:57.547,2022-01-27 23:22:49.838,UTC+0900,PkMNM+JAvu,,com.sec.android.app.shealth,2022-01-27 23:20:00.000,98d5c1cf-0154-45c7-b4ff-7204bea7ca5e,
,47.0,43,69,0,23,34,353,57,2,19,0,0,,3,85.0,,15.0,,,7f2c7fb7-9520-4cdd-90ae-767e011af103.extra_data.json,4,90.0,59,353,2022-02-10 16:57:00.000,,2022-02-10 23:09:38.578,2022-02-10 23:09:32.638,UTC+0900,PkMNM+JAvu,,com.sec.android.app.shealth,2022-02-10 22:50:00.000,7f2c7fb7-9520-4cdd-90ae-767e011af103,
,68.0,10,10,3,13,33,398,84,1,12,0,0,,,12.0,,9.0,,,8eca4b04-41cf-c484-21ac-ce18c26bdc7d.extra_data.json,4,91.0,66,398,2020-11-04 15:26:00.000,,2020-11-04 22:04:18.387,2020-11-04 22:04:15.261,UTC+0900,m6sL7dLFqc,,com.sec.android.app.shealth,2020-11-04 22:04:00.000,8eca4b04-41cf-c484-21ac-ce18c26bdc7d,
,69.0,39,44,10,6,28,399,108,1,16,0,0,,3,65.0,,20.0,,,dd741381-b8a0-4503-85c3-8e0fadbf86c2.extra_data.json,3,92.0,79,399,2022-02-12 16:36:00.000,,2022-02-12 23:15:11.349,2022-02-12 23:15:03.634,UTC+0900,PkMNM+JAvu,,com.sec.android.app.shealth,2022-02-12 23:15:00.000,dd741381-b8a0-4503-85c3-8e0fadbf86c2,
,85.0,14,40,2,6,19,354,65,1,3,0,0,,,44.0,,6.0,,,b2319c5e-bfe9-9dae-c6ab-0f9c010ff400.extra_data.json,4,94.0,70,354,2020-11-10 15:25:00.000,,2020-11-10 21:20:52.378,2020-11-10 21:20:49.355,UTC+0900,m6sL7dLFqc,,com.sec.android.app.shealth,2020-11-10 21:19:00.000,b2319c5e-bfe9-9dae-c6ab-0f9c010ff400,
,93.0,33,33,35,3,45,374,208,0,31,0,0,,,36.0,,13.0,,,d166ec99-1308-400b-b1eb-cebcafd9580d.extra_data.json,2,87.0,69,374,2020-11-05 15:08:00.000,,2020-11-05 21:34:45.655,2020-11-05 21:22:41.787,UTC+0900,m6sL7dLFqc,,com.sec.android.app.shealth,2020-11-05 21:22:00.000,d166ec99-1308-400b-b1eb-cebcafd9580d,
,88.0,0,0,3,5,31,383,91,0,11,0,0,,,0.0,,9.0,,,64c6a3e3-1c47-a5c4-d59e-a6402e283ff3.extra_data.json,3,91.0,59,383,2020-11-16 14:58:00.000,,2020-11-16 21:33:43.767,2020-11-16 21:33:38.211,UTC+0900,m6sL7dLFqc,,com.sec.android.app.shealth,2020-11-16 21:21:00.000,64c6a3e3-1c47-a5c4-d59e-a6402e283ff3,
,85.0,22,22,3,6,9,266,100,0,3,0,0,,,32.0,,4.0,,,ebb5cbcd-806a-eeef-1d2c-e652d5932230.extra_data.json,3,96.0,72,266,2020-11-11 15:36:00.000,,2020-11-11 20:02:18.065,2020-11-11 20:02:10.121,UTC+0900,m6sL7dLFqc,,com.sec.android.app.shealth,2020-11-11 20:02:00.000,ebb5cbcd-806a-eeef-1d2c-e652d5932230,
,90.0,24,24,4,4,31,362,84,0,21,0,0,,,28.0,,9.0,,,03a2cb3f-09e1-6f6e-b63d-e84151da3fe5.extra_data.json,3,91.0,76,362,2020-11-24 15:18:00.000,,2020-11-24 21:21:37.292,2020-11-24 21:21:34.235,UTC+0900,m6sL7dLFqc,,com.sec.android.app.shealth,2020-11-24 21:20:00.000,03a2cb3f-09e1-6f6e-b63d-e84151da3fe5,
,83.0,42,56,0,7,17,368,108,0,0,0,0,,,60.0,,5.0,,,05e33560-eab6-82a7-aa07-e176c43ea4b9.extra_data.json,3,95.0,90,368,2020-11-18 15:13:00.000,,2020-11-18 21:21:40.617,2020-11-18 21:21:37.131,UTC+0900,m6sL7dLFqc,,com.sec.android.app.shealth,2020-11-18 21:21:00.000,05e33560-eab6-82a7-aa07-e176c43ea4b9,
,65.0,1,1,23,14,40,371,171,2,29,0,0,,,0.0,,11.0,,,a11e885c-4ff9-baca-725a-8a86c4ff1fed.extra_data.json,3,89.0,50,371,2020-12-01 15:13:00.000,,2020-12-01 21:25:12.156,2020-12-01 21:25:07.330,UTC+0900,m6sL7dLFqc,,com.sec.android.app.shealth,2020-12-01 21:24:00.000,a11e885c-4ff9-baca-725a-8a86c4ff1fed,
,95.0,17,17,22,2,33,359,196,0,20,0,0,,,20.0,,10.0,,,545024da-01e1-95bc-5a25-45fd0f03e197.extra_data.json,2,90.0,54,359,2020-11-25 15:25:00.000,,2020-11-25 21:24:04.925,2020-11-25 21:24:00.317,UTC+0900,m6sL7dLFqc,,com.sec.android.app.shealth,2020-11-25 21:24:00.000,545024da-01e1-95bc-5a25-45fd0f03e197,
,43.0,7,7,3,23,40,367,110,2,26,0,0,,,8.0,,11.0,,,468a5e4a-af9a-4cb6-ed86-3a14f614534c.extra_data.json,4,89.0,54,367,2020-12-11 15:51:00.000,,2020-12-11 21:58:53.352,2020-12-11 21:58:49.324,UTC+0900,m6sL7dLFqc,,com.sec.android.app.shealth,2020-12-11 21:58:00.000,468a5e4a-af9a-4cb6-ed86-3a14f614534c,
,73.0,35,35,4,11,29,391,114,1,3,0,0,,,36.0,,8.0,,,f519e101-8bb8-45b7-352f-f39a64b8aa06.extra_data.json,5,92.0,79,391,2020-12-02 15:22:00.000,,2020-12-02 21:53:16.970,2020-12-02 21:53:11.968,UTC+0900,m6sL7dLFqc,,com.sec.android.app.shealth,2020-12-02 21:53:00.000,f519e101-8bb8-45b7-352f-f39a64b8aa06,
,58.0,12,56,11,17,64,446,68,2,45,0,0,,,52.0,,15.0,,,41b8f377-4682-62b8-c0c4-0691061e3b9f.extra_data.json,5,85.0,60,446,2020-12-18 15:35:00.000,,2020-12-18 23:05:33.614,2020-12-18 23:05:27.769,UTC+0900,m6sL7dLFqc,,com.sec.android.app.shealth,2020-12-18 23:01:00.000,41b8f377-4682-62b8-c0c4-0691061e3b9f,
,52.0,2,16,9,19,41,447,74,1,22,0,0,,,16.0,,10.0,,,b47ff91b-f3cd-0016-d6bc-102601ca8572.extra_data.json,5,90.0,57,447,2020-12-12 15:56:00.000,,2020-12-12 23:23:51.601,2020-12-12 23:23:48.084,UTC+0900,m6sL7dLFqc,,com.sec.android.app.shealth,2020-12-12 23:23:00.000,b47ff91b-f3cd-0016-d6bc-102601ca8572,
,93.0,18,47,3,3,16,305,69,0,7,0,0,,,60.0,,6.0,,,9eb4b9a4-36c8-4bf0-6374-8779be458a18.extra_data.json,3,94.0,78,305,2021-01-06 16:08:00.000,,2021-01-06 21:14:09.211,2021-01-06 21:14:06.409,UTC+0900,m6sL7dLFqc,,com.sec.android.app.shealth,2021-01-06 21:13:00.000,9eb4b9a4-36c8-4bf0-6374-8779be458a18,
,73.0,49,49,2,11,30,371,105,1,20,0,0,,,52.0,,9.0,,,1fc11c4b-201e-4d75-8ba1-7e246787d7d5.extra_data.json,3,91.0,75,371,2020-12-22 15:20:00.000,,2020-12-22 21:31:27.164,2020-12-22 21:31:23.287,UTC+0900,m6sL7dLFqc,,com.sec.android.app.shealth,2020-12-22 21:31:00.000,1fc11c4b-201e-4d75-8ba1-7e246787d7d5,
,75.0,8,8,11,5,24,261,100,0,9,0,0,,1,32.0,,24.0,,,2e1719e3-b5de-7a3b-8002-fb8e6f364a9d.extra_data.json,2,90.0,62,261,2021-01-14 14:25:00.000,,2021-01-14 18:46:21.152,2021-01-14 18:46:17.103,UTC+0900,m6sL7dLFqc,,com.sec.android.app.shealth,2021-01-14 18:46:00.000,2e1719e3-b5de-7a3b-8002-fb8e6f364a9d,
,20.0,0,24,3,32,54,368,86,2,32,0,0,,,28.0,,15.0,,,80893d9c-79cf-c4de-4266-e476acd507de.extra_data.json,4,85.0,49,368,2021-01-07 17:13:00.000,,2021-01-07 23:25:31.663,2021-01-07 23:25:26.991,UTC+0900,m6sL7dLFqc,,com.sec.android.app.shealth,2021-01-07 23:21:00.000,80893d9c-79cf-c4de-4266-e476acd507de,
,70.0,2,2,2,10,17,329,67,1,3,0,0,,1,35.0,,9.0,,,81ce29a5-02de-73fc-1fcd-a0fac45c2f08.extra_data.json,4,94.0,60,329,2021-01-24 15:45:00.000,,2021-01-24 21:15:56.470,2021-01-24 21:15:53.123,UTC+0900,m6sL7dLFqc,,com.sec.android.app.shealth,2021-01-24 21:14:00.000,81ce29a5-02de-73fc-1fcd-a0fac45c2f08,
,48.0,28,49,7,17,45,435,118,3,31,0,0,,1,64.0,,23.0,,,0837e7e2-8453-a00c-ce82-d1c6712bb597.extra_data.json,5,89.0,61,435,2021-01-18 15:49:00.000,,2021-01-18 23:05:47.509,2021-01-18 23:05:43.976,UTC+0900,m6sL7dLFqc,,com.sec.android.app.shealth,2021-01-18 23:04:00.000,0837e7e2-8453-a00c-ce82-d1c6712bb597,
,74.0,0,0,3,1,4,98,98,0,3,0,0,,1,10.0,,10.0,,,6c4e9d7c-b43c-7cc2-5151-24288945fdfd.extra_data.json,1,95.0,49,98,2021-02-04 07:32:00.000,,2021-02-04 09:10:08.583,2021-02-04 09:10:06.268,UTC+0900,m6sL7dLFqc,,com.sec.android.app.shealth,2021-02-04 09:10:00.000,6c4e9d7c-b43c-7cc2-5151-24288945fdfd,
,48.0,42,42,3,22,40,352,83,2,11,0,0,,1,67.0,,18.0,,,9beaab81-fca5-9a57-12b4-f9cafc3254fe.extra_data.json,4,88.0,63,352,2021-01-25 16:38:00.000,,2021-01-25 22:32:02.029,2021-01-25 22:31:57.129,UTC+0900,m6sL7dLFqc,,com.sec.android.app.shealth,2021-01-25 22:30:00.000,9beaab81-fca5-9a57-12b4-f9cafc3254fe,
,31.0,26,53,12,44,75,422,126,1,64,0,0,,1,63.0,,42.0,,,814f694b-255a-4461-32cf-d7130061afe7.extra_data.json,3,82.0,58,422,2021-03-03 16:10:00.000,,2021-03-03 23:13:16.365,2021-03-03 23:13:13.332,UTC+0900,m6sL7dLFqc,,com.sec.android.app.shealth,2021-03-03 23:12:00.000,814f694b-255a-4461-32cf-d7130061afe7,
,70.0,0,33,0,0,0,63,0,0,0,0,0,,1,59.0,,0.0,,,a45c13fa-7501-a96d-dbcb-8e7cbfbc355b.extra_data.json,0,100.0,54,63,2021-02-07 16:01:00.000,,2021-02-07 17:04:16.968,2021-02-07 17:04:14.402,UTC+0900,m6sL7dLFqc,,com.sec.android.app.shealth,2021-02-07 17:04:00.000,a45c13fa-7501-a96d-dbcb-8e7cbfbc355b,
,19.0,4,4,2,51,58,382,91,2,43,0,0,,1,41.0,,29.0,,,75ae9c15-c194-e00f-153e-3f491d8d4e98.extra_data.json,4,84.0,51,382,2021-03-15 16:40:00.000,,2021-03-15 23:02:58.677,2021-03-15 23:02:54.361,UTC+0900,m6sL7dLFqc,,com.sec.android.app.shealth,2021-03-15 23:02:00.000,75ae9c15-c194-e00f-153e-3f491d8d4e98,
,62.0,0,0,0,3,25,86,22,1,22,0,0,b1f1abb5-db4a-493f-9d41-64536c1ff402,1,9.0,,55.0,,,d189d9ac-f523-6382-63cd-d244c4a28f90.extra_data.json,1,70.0,38,86,2021-03-04 14:29:00.000,,2021-03-04 23:00:55.141,2021-03-04 16:14:39.278,UTC+0900,m6sL7dLFqc,,com.sec.android.app.shealth,2021-03-04 15:55:00.000,d189d9ac-f523-6382-63cd-d244c4a28f90,
,55.0,41,41,4,15,63,472,89,2,32,0,0,,1,74.0,,25.0,,,31ada8e8-c11c-7d62-c9a2-2a3a8d16a6ab.extra_data.json,4,86.0,69,472,2021-04-14 17:06:00.000,,2021-04-15 00:58:37.713,2021-04-15 00:58:34.384,UTC+0900,m6sL7dLFqc,,com.sec.android.app.shealth,2021-04-15 00:58:00.000,31ada8e8-c11c-7d62-c9a2-2a3a8d16a6ab,
,46.0,27,28,5,19,67,377,68,2,55,0,0,,1,61.0,,40.0,,,6d488061-32aa-c5c6-cad3-e81a15c25390.extra_data.json,3,82.0,59,377,2021-03-22 16:43:00.000,,2021-03-22 23:02:27.369,2021-03-22 23:02:20.984,UTC+0900,m6sL7dLFqc,,com.sec.android.app.shealth,2021-03-22 23:00:00.000,6d488061-32aa-c5c6-cad3-e81a15c25390,
,54.0,20,35,10,16,64,413,83,2,32,0,0,,1,59.0,,35.0,,,811b6160-93b1-8759-6433-9f215c425817.extra_data.json,4,84.0,58,413,2021-04-22 16:14:00.000,,2021-04-22 23:18:10.849,2021-04-22 23:07:52.277,UTC+0900,m6sL7dLFqc,,com.sec.android.app.shealth,2021-04-22 23:07:00.000,811b6160-93b1-8759-6433-9f215c425817,
,32.0,33,33,2,43,54,381,111,1,35,0,0,,1,59.0,,25.0,,,331d74d2-bacf-c2ee-c41e-1824892eccaa.extra_data.json,3,85.0,67,381,2021-04-15 16:55:00.000,,2021-04-15 23:16:18.014,2021-04-15 23:16:15.370,UTC+0900,m6sL7dLFqc,,com.sec.android.app.shealth,2021-04-15 23:16:00.000,331d74d2-bacf-c2ee-c41e-1824892eccaa,
,43.0,36,36,3,22,70,407,104,3,52,0,0,,1,63.0,,33.0,,,0590b704-75d2-27df-b5f9-75a3554ed409.extra_data.json,5,82.0,64,407,2021-04-28 15:56:00.000,,2021-04-28 22:45:25.404,2021-04-28 22:43:00.080,UTC+0900,m6sL7dLFqc,,com.sec.android.app.shealth,2021-04-28 22:43:00.000,0590b704-75d2-27df-b5f9-75a3554ed409,
,74.0,29,29,7,6,28,368,204,0,12,0,0,,1,50.0,,14.0,,,6a85f18b-fdbb-d67c-460c-93d55ad0777e.extra_data.json,2,92.0,64,368,2021-04-23 16:49:00.000,,2021-04-23 22:57:18.655,2021-04-23 22:57:15.042,UTC+0900,m6sL7dLFqc,,com.sec.android.app.shealth,2021-04-23 22:57:00.000,6a85f18b-fdbb-d67c-460c-93d55ad0777e,
,73.0,45,45,7,11,22,407,192,1,4,0,0,,,44.0,,6.0,,,d5d271af-7c75-a054-763e-efd8636a3a46.extra_data.json,3,94.0,76,407,2020-11-06 15:35:00.000,,2020-11-06 22:22:29.133,2020-11-06 22:22:24.096,UTC+0900,m6sL7dLFqc,,com.sec.android.app.shealth,2020-11-06 22:22:00.000,d5d271af-7c75-a054-763e-efd8636a3a46,
,45.0,6,6,6,20,59,404,206,2,40,0,0,,1,43.0,,27.0,,,0da46f10-ecf2-276e-9dad-2a8b70237774.extra_data.json,3,85.0,49,404,2021-04-29 16:09:00.000,,2021-04-29 22:53:54.745,2021-04-29 22:53:51.339,UTC+0900,m6sL7dLFqc,,com.sec.android.app.shealth,2021-04-29 22:53:00.000,0da46f10-ecf2-276e-9dad-2a8b70237774,
,74.0,0,0,3,1,4,138,102,0,0,2,0,,1,14.0,,6.0,,,e6fc9254-540a-e060-e9a3-ad8c645125da.extra_data.json,1,95.0,52,140,2021-05-03 16:32:20.300,,2021-05-04 03:29:00.523,2021-05-04 03:16:39.196,UTC+0900,m6sL7dLFqc,,com.sec.android.app.shealth,2021-05-03 18:52:20.300,e6fc9254-540a-e060-e9a3-ad8c645125da,
,100.0,0,24,0,0,0,57,0,0,0,0,0,,,100.0,,0.0,,,cc42a3aa-deb2-e1f4-e5bb-0b355f5dc8f0.extra_data.json,0,100.0,54,57,2020-11-11 20:24:00.000,,2020-11-11 21:21:20.326,2020-11-11 21:21:15.362,UTC+0900,m6sL7dLFqc,,com.sec.android.app.shealth,2020-11-11 21:21:00.000,cc42a3aa-deb2-e1f4-e5bb-0b355f5dc8f0,
,75.0,0,0,2,0,2,96,96,0,0,0,0,06a02f45-7913-4602-8d73-f4781005a62b,1,10.0,,4.0,,,843ae0a1-7577-a2e5-65f4-f28ac9e49289.extra_data.json,1,97.0,52,96,2021-05-04 15:47:00.000,,2021-05-04 23:43:44.904,2021-05-04 17:23:05.448,UTC+0900,m6sL7dLFqc,,com.sec.android.app.shealth,2021-05-04 17:23:00.000,843ae0a1-7577-a2e5-65f4-f28ac9e49289,
,83.0,14,14,10,7,33,378,115,0,8,0,0,,1,46.0,,20.0,,,4e0926c4-5a62-52ad-6abd-e735b3f19489.extra_data.json,4,91.0,68,378,2021-05-09 15:07:00.000,,2021-05-09 21:31:48.436,2021-05-09 21:25:30.347,UTC+0900,m6sL7dLFqc,,com.sec.android.app.shealth,2021-05-09 21:25:00.000,4e0926c4-5a62-52ad-6abd-e735b3f19489,
,63.0,29,29,9,15,42,424,83,2,15,0,0,,,28.0,,10.0,,,39ec40b4-b8e0-894d-8d33-59d7aa7e35f4.extra_data.json,4,90.0,67,424,2020-11-19 15:53:00.000,,2020-11-19 23:03:12.768,2020-11-19 23:03:07.342,UTC+0900,m6sL7dLFqc,,com.sec.android.app.shealth,2020-11-19 22:57:00.000,39ec40b4-b8e0-894d-8d33-59d7aa7e35f4,
,76.0,0,1,4,4,51,385,107,0,26,1,0,,1,39.0,,24.0,,,49bc0fb9-473e-1b1f-38c7-9b6fdf14553f.extra_data.json,2,86.0,55,386,2021-05-10 16:11:00.000,,2021-05-10 22:55:18.089,2021-05-10 22:55:15.280,UTC+0900,m6sL7dLFqc,,com.sec.android.app.shealth,2021-05-10 22:37:00.000,49bc0fb9-473e-1b1f-38c7-9b6fdf14553f,
,75.0,11,11,14,0,33,264,216,0,27,2,0,,1,33.0,,29.0,,,5e3405a8-b98d-28fc-2285-317703f5cd56.extra_data.json,1,86.0,53,266,2021-05-15 16:55:00.000,,2021-05-15 21:40:34.938,2021-05-15 21:40:32.312,UTC+0900,m6sL7dLFqc,,com.sec.android.app.shealth,2021-05-15 21:21:00.000,5e3405a8-b98d-28fc-2285-317703f5cd56,
,74.0,0,0,1,1,2,82,82,0,0,0,0,,1,8.0,,4.0,,,17db857a-e816-4605-d0bf-086d0cce159f.extra_data.json,1,97.0,54,82,2021-05-15 22:25:00.000,,2021-05-15 23:48:51.768,2021-05-15 23:48:49.991,UTC+0900,m6sL7dLFqc,,com.sec.android.app.shealth,2021-05-15 23:47:00.000,17db857a-e816-4605-d0bf-086d0cce159f,
,43.0,28,41,4,23,35,402,78,2,7,0,0,,,40.0,,9.0,,,fd27e57d-44be-44fc-d8e8-2c1e26ae5867.extra_data.json,4,91.0,68,402,2020-11-07 15:47:00.000,,2020-11-07 22:31:02.578,2020-11-07 22:30:59.767,UTC+0900,m6sL7dLFqc,,com.sec.android.app.shealth,2020-11-07 22:29:00.000,fd27e57d-44be-44fc-d8e8-2c1e26ae5867,
,95.0,11,11,2,2,22,178,109,0,14,0,0,,,24.0,,13.0,,,512c933b-03d6-1021-5b6f-bd8cb0d1cb6c.extra_data.json,1,87.0,64,178,2020-11-27 15:54:00.000,,2020-11-27 18:58:48.969,2020-11-27 18:58:46.297,UTC+0900,m6sL7dLFqc,,com.sec.android.app.shealth,2020-11-27 18:52:00.000,512c933b-03d6-1021-5b6f-bd8cb0d1cb6c,
,75.0,0,0,3,0,22,118,51,0,16,0,0,,1,12.0,,38.0,,,07c2bdd3-2903-c344-c84b-e123db4ad846.extra_data.json,1,81.0,39,118,2021-05-19 04:05:00.000,,2021-05-19 06:19:31.009,2021-05-19 06:19:28.303,UTC+0900,m6sL7dLFqc,,com.sec.android.app.shealth,2021-05-19 06:03:00.000,07c2bdd3-2903-c344-c84b-e123db4ad846,
,51.0,42,63,0,19,61,427,80,2,38,0,0,,1,78.0,,23.0,,,30a4cdf7-fa66-5e31-9de1-58a42a3bcba5.extra_data.json,4,85.0,68,427,2021-05-19 16:21:00.000,,2021-05-19 23:31:36.459,2021-05-19 23:31:33.340,UTC+0900,m6sL7dLFqc,,com.sec.android.app.shealth,2021-05-19 23:28:00.000,30a4cdf7-fa66-5e31-9de1-58a42a3bcba5,
,98.0,41,41,6,1,22,336,176,0,6,0,0,,,48.0,,7.0,,,5ed17183-8a25-b2a4-bc24-02b9ea19db35.extra_data.json,2,93.0,73,336,2020-11-12 15:44:00.000,,2020-11-12 21:22:26.482,2020-11-12 21:22:19.050,UTC+0900,m6sL7dLFqc,,com.sec.android.app.shealth,2020-11-12 21:20:00.000,5ed17183-8a25-b2a4-bc24-02b9ea19db35,
,0.0,31,31,0,78,94,489,80,2,73,0,0,,1,71.0,,34.0,,,6dcf9e21-5180-d18f-7d81-0ac7132724a8.extra_data.json,5,80.0,66,489,2021-05-24 15:23:00.000,,2021-05-24 23:42:00.984,2021-05-24 23:41:56.423,UTC+0900,m6sL7dLFqc,,com.sec.android.app.shealth,2021-05-24 23:32:00.000,6dcf9e21-5180-d18f-7d81-0ac7132724a8,
,63.0,0,25,14,15,40,375,84,0,7,0,0,,,28.0,,11.0,,,f1693029-5b60-e321-9d49-78b8392f1e7d.extra_data.json,4,89.0,65,375,2020-12-04 15:24:00.000,,2020-12-04 21:39:15.772,2020-12-04 21:39:12.297,UTC+0900,m6sL7dLFqc,,com.sec.android.app.shealth,2020-12-04 21:39:00.000,f1693029-5b60-e321-9d49-78b8392f1e7d,
,76.0,37,37,0,4,14,295,122,0,7,0,0,,1,54.0,,7.0,,,2f739c3c-78c6-3c86-4a6e-0d3aab936e06.extra_data.json,2,95.0,73,295,2021-05-25 17:03:00.000,,2021-05-25 22:04:14.701,2021-05-25 22:04:12.364,UTC+0900,m6sL7dLFqc,,com.sec.android.app.shealth,2021-05-25 21:58:00.000,2f739c3c-78c6-3c86-4a6e-0d3aab936e06,
,70.0,0,0,0,0,28,74,0,0,24,0,0,,1,7.0,,70.0,,,a06958c3-1c81-7e0a-39c1-13bbaf8dda46.extra_data.json,0,62.0,29,74,2021-05-29 07:23:00.000,,2021-05-29 09:07:45.878,2021-05-29 08:48:02.296,UTC+0900,m6sL7dLFqc,,com.sec.android.app.shealth,2021-05-29 08:37:00.000,a06958c3-1c81-7e0a-39c1-13bbaf8dda46,
,93.0,21,21,8,3,36,321,181,1,21,0,0,,,28.0,,12.0,,,632b3535-dc3b-96fb-ff55-b733d2d3b389.extra_data.json,2,88.0,55,321,2020-11-21 16:37:00.000,,2020-11-21 22:01:00.403,2020-11-21 22:00:56.271,UTC+0900,m6sL7dLFqc,,com.sec.android.app.shealth,2020-11-21 21:58:00.000,632b3535-dc3b-96fb-ff55-b733d2d3b389,
,95.0,11,11,6,2,18,261,66,1,10,0,0,,,16.0,,7.0,,,cec6c5cc-128f-512e-3059-b4b81dadbbec.extra_data.json,3,93.0,65,261,2020-12-13 17:00:00.000,,2020-12-13 21:21:47.602,2020-12-13 21:21:44.146,UTC+0900,m6sL7dLFqc,,com.sec.android.app.shealth,2020-12-13 21:21:00.000,cec6c5cc-128f-512e-3059-b4b81dadbbec,
,49.0,44,44,1,16,35,285,90,2,19,0,0,,1,63.0,,20.0,,,ba370f9f-ff50-969a-bbd4-7ef931efe043.extra_data.json,3,87.0,65,285,2021-06-07 17:01:00.000,,2021-06-07 21:50:22.707,2021-06-07 21:46:51.303,UTC+0900,m6sL7dLFqc,,com.sec.android.app.shealth,2021-06-07 21:46:00.000,ba370f9f-ff50-969a-bbd4-7ef931efe043,
,59.0,16,29,5,11,57,338,94,2,44,0,0,,1,49.0,,35.0,,,39c9f222-bdc0-f9cb-1f79-aa9c7094a6f1.extra_data.json,4,83.0,58,338,2021-05-30 16:29:00.000,,2021-05-30 22:07:10.897,2021-05-30 22:07:09.085,UTC+0900,m6sL7dLFqc,,com.sec.android.app.shealth,2021-05-30 22:07:00.000,39c9f222-bdc0-f9cb-1f79-aa9c7094a6f1,
,63.0,70,70,19,15,77,455,169,1,66,0,0,,,60.0,,17.0,,,654e2194-1fcf-eaee-8083-3290a436dce7.extra_data.json,3,83.0,76,455,2020-12-24 15:54:00.000,,2020-12-24 23:46:01.453,2020-12-24 23:45:57.371,UTC+0900,m6sL7dLFqc,,com.sec.android.app.shealth,2020-12-24 23:29:00.000,654e2194-1fcf-eaee-8083-3290a436dce7,
,85.0,0,0,7,6,15,168,131,1,6,0,0,,,0.0,,9.0,,,8b0437df-f314-3486-20d8-807ff6796fbb.extra_data.json,1,91.0,35,168,2020-11-27 19:22:00.000,,2020-11-27 22:11:19.931,2020-11-27 22:11:17.102,UTC+0900,m6sL7dLFqc,,com.sec.android.app.shealth,2020-11-27 22:10:00.000,8b0437df-f314-3486-20d8-807ff6796fbb,
,88.0,0,0,2,5,7,88,88,1,4,0,0,,,0.0,,8.0,,,16277c2a-7f3d-8dc6-a796-8d65587d94b3.extra_data.json,1,92.0,45,88,2021-01-10 08:16:00.000,,2021-01-10 09:49:39.570,2021-01-10 09:49:34.364,UTC+0900,m6sL7dLFqc,,com.sec.android.app.shealth,2021-01-10 09:44:00.000,16277c2a-7f3d-8dc6-a796-8d65587d94b3,
,68.0,39,48,6,13,25,340,100,2,9,0,0,,,56.0,,8.0,,,4151e962-fa09-46f5-95cd-222841a58b98.extra_data.json,3,92.0,69,340,2020-12-06 15:42:00.000,,2020-12-06 21:22:45.482,2020-12-06 21:22:43.127,UTC+0900,m6sL7dLFqc,,com.sec.android.app.shealth,2020-12-06 21:22:00.000,4151e962-fa09-46f5-95cd-222841a58b98,
,73.0,9,9,4,2,26,161,85,0,16,1,0,85225470-242b-45a7-b506-2f2baa1a7a71,1,26.0,,31.0,,,0ec60e8f-c99e-c847-0ed8-3e24197cf615.extra_data.json,1,83.0,64,162,2021-06-13 18:43:00.000,,2021-06-13 21:41:54.010,2021-06-13 21:41:52.324,UTC+0900,m6sL7dLFqc,,com.sec.android.app.shealth,2021-06-13 21:25:00.000,0ec60e8f-c99e-c847-0ed8-3e24197cf615,
,51.0,2,2,38,24,71,408,145,1,56,0,0,,1,42.0,,57.0,,,1958174d-0a89-fbfb-91e7-577412363544.extra_data.json,3,82.0,48,408,2021-01-19 16:34:00.000,,2021-01-19 23:23:15.989,2021-01-19 23:22:55.332,UTC+0900,m6sL7dLFqc,,com.sec.android.app.shealth,2021-01-19 23:22:00.000,1958174d-0a89-fbfb-91e7-577412363544,
,79.0,31,57,3,11,26,421,89,0,3,0,0,,1,70.0,,10.0,,,0b9a40bf-2ec8-a3e7-0470-bfa8a9b06dab.extra_data.json,4,93.0,84,421,2021-06-09 15:13:00.000,,2021-06-09 22:14:05.994,2021-06-09 22:14:01.976,UTC+0900,m6sL7dLFqc,,com.sec.android.app.shealth,2021-06-09 22:14:00.000,0b9a40bf-2ec8-a3e7-0470-bfa8a9b06dab,
,100.0,0,11,0,0,0,44,0,0,0,0,0,,,100.0,,0.0,,,5a439650-89dd-aed1-ac36-76a0d8125062.extra_data.json,0,100.0,54,44,2020-12-15 21:57:00.000,,2020-12-16 00:46:00.229,2020-12-15 22:41:00.392,UTC+0900,m6sL7dLFqc,,com.sec.android.app.shealth,2020-12-15 22:41:00.000,5a439650-89dd-aed1-ac36-76a0d8125062,
,48.0,37,53,1,22,37,401,89,2,20,0,0,,1,70.0,,15.0,,,eef4ed79-fdcf-6e7f-e22b-032fd3db3bec.extra_data.json,4,90.0,72,401,2021-06-25 16:19:00.000,,2021-06-25 23:16:44.366,2021-06-25 23:00:59.407,UTC+0900,m6sL7dLFqc,,com.sec.android.app.shealth,2021-06-25 23:00:00.000,eef4ed79-fdcf-6e7f-e22b-032fd3db3bec,
,43.0,26,26,6,17,66,411,255,2,40,0,0,,1,52.0,,28.0,,,0aba2679-6a92-d7aa-e454-4b8d1b32d635.extra_data.json,2,83.0,49,411,2021-06-16 16:25:00.000,,2021-06-16 23:17:22.685,2021-06-16 23:16:08.656,UTC+0900,m6sL7dLFqc,,com.sec.android.app.shealth,2021-06-16 23:16:00.000,0aba2679-6a92-d7aa-e454-4b8d1b32d635,
,63.0,19,19,13,12,43,386,193,1,24,0,0,,1,47.0,,24.0,,,4c70f85d-d491-9104-cda8-a7370e20dc3a.extra_data.json,3,88.0,56,386,2021-01-26 16:37:00.000,,2021-01-26 23:05:13.995,2021-01-26 23:05:10.335,UTC+0900,m6sL7dLFqc,,com.sec.android.app.shealth,2021-01-26 23:03:00.000,4c70f85d-d491-9104-cda8-a7370e20dc3a,
,32.0,21,21,15,23,65,434,276,3,37,0,0,,1,51.0,,29.0,,,d418bf08-c9b5-5e58-fdc0-e92d277a549e.extra_data.json,3,85.0,48,434,2021-08-04 16:05:00.000,,2021-08-04 23:20:30.744,2021-08-04 23:20:27.263,UTC+0900,m6sL7dLFqc,,com.sec.android.app.shealth,2021-08-04 23:19:00.000,d418bf08-c9b5-5e58-fdc0-e92d277a549e,
,90.0,0,0,4,4,24,262,101,0,10,0,0,,,0.0,,10.0,,,5945888e-ffb7-3a03-950c-9dc4160e444b.extra_data.json,2,90.0,48,262,2020-12-28 18:02:00.000,,2020-12-28 22:24:23.312,2020-12-28 22:24:15.883,UTC+0900,m6sL7dLFqc,,com.sec.android.app.shealth,2020-12-28 22:24:00.000,5945888e-ffb7-3a03-950c-9dc4160e444b,
,56.0,42,42,2,14,35,392,92,2,13,0,0,,1,68.0,,14.0,,,fe298018-27f4-24ad-35ee-a6330e632122.extra_data.json,4,91.0,75,392,2021-06-27 16:05:00.000,,2021-06-27 22:39:04.279,2021-06-27 22:39:00.420,UTC+0900,m6sL7dLFqc,,com.sec.android.app.shealth,2021-06-27 22:37:00.000,fe298018-27f4-24ad-35ee-a6330e632122,
,70.0,0,0,0,0,21,94,0,0,17,0,0,,1,9.0,,40.0,,,516e2a75-7d0f-a1bc-16a1-a31950530717.extra_data.json,0,77.0,31,94,2021-02-15 14:29:00.000,,2021-03-03 10:29:56.232,2021-02-15 16:03:38.266,UTC+0900,m6sL7dLFqc,,com.sec.android.app.shealth,2021-02-15 16:03:00.000,516e2a75-7d0f-a1bc-16a1-a31950530717,
,43.0,14,14,17,22,39,254,177,1,33,0,0,6cb4840e-c910-430d-9570-a7ca5cd2ae28,1,34.0,,38.0,,,2c1c4b72-f66f-9453-f9a9-9d1acd7daecc.extra_data.json,1,84.0,45,254,2021-08-18 16:26:00.000,,2021-08-18 23:21:34.294,2021-08-18 20:40:20.380,UTC+0900,m6sL7dLFqc,,com.sec.android.app.shealth,2021-08-18 20:40:00.000,2c1c4b72-f66f-9453-f9a9-9d1acd7daecc,
,90.0,17,17,10,4,34,334,206,1,13,0,0,,,20.0,,11.0,,,be187682-acc5-5a6d-0946-a42ff8ea769d.extra_data.json,2,89.0,58,334,2021-01-10 15:47:00.000,,2021-01-10 21:38:14.172,2021-01-10 21:26:59.367,UTC+0900,m6sL7dLFqc,,com.sec.android.app.shealth,2021-01-10 21:21:00.000,be187682-acc5-5a6d-0946-a42ff8ea769d,
,53.0,33,33,0,17,47,392,89,2,31,0,0,b1f1abb5-db4a-493f-9d41-64536c1ff402,1,62.0,,20.0,,,da97d9aa-3dbd-4367-2022-265b77e953fd.extra_data.json,4,88.0,66,392,2021-03-04 16:15:00.000,,2021-03-04 23:00:55.154,2021-03-04 22:47:17.320,UTC+0900,m6sL7dLFqc,,com.sec.android.app.shealth,2021-03-04 22:47:00.000,da97d9aa-3dbd-4367-2022-265b77e953fd,
,63.0,8,8,4,7,16,170,67,1,8,0,0,,1,26.0,,20.0,,,5745251d-a8bc-1373-aa9e-d699b896f2fe.extra_data.json,2,90.0,55,170,2021-08-07 07:17:00.000,,2021-08-07 10:13:40.930,2021-08-07 10:13:38.328,UTC+0900,m6sL7dLFqc,,com.sec.android.app.shealth,2021-08-07 10:07:00.000,5745251d-a8bc-1373-aa9e-d699b896f2fe,
,4.0,15,31,6,51,75,395,74,4,51,0,0,,1,55.0,,40.0,,,4459041f-f5ba-da27-28b7-8829d3388c17.extra_data.json,5,81.0,59,395,2021-08-31 16:47:00.000,,2021-08-31 23:22:43.691,2021-08-31 23:22:40.446,UTC+0900,m6sL7dLFqc,,com.sec.android.app.shealth,2021-08-31 23:22:00.000,4459041f-f5ba-da27-28b7-8829d3388c17,
,54.0,24,24,11,16,48,363,241,1,33,0,0,,1,47.0,,27.0,,,dcd74c33-0adf-fae8-752f-8f74c0372a78.extra_data.json,2,86.0,51,363,2021-01-20 16:56:00.000,,2021-01-20 23:02:46.803,2021-01-20 23:02:44.391,UTC+0900,m6sL7dLFqc,,com.sec.android.app.shealth,2021-01-20 22:59:00.000,dcd74c33-0adf-fae8-752f-8f74c0372a78,
,39.0,0,0,5,16,39,151,97,2,26,0,0,6cb4840e-c910-430d-9570-a7ca5cd2ae28,1,15.0,,48.0,,,e61b89c1-a0fe-00bb-0f78-a93bf99dc0cb.extra_data.json,1,74.0,28,151,2021-08-18 20:48:00.000,,2021-08-18 23:21:34.326,2021-08-18 23:21:30.434,UTC+0900,m6sL7dLFqc,,com.sec.android.app.shealth,2021-08-18 23:19:00.000,e61b89c1-a0fe-00bb-0f78-a93bf99dc0cb,
,68.0,7,7,1,7,46,371,97,1,34,0,0,,1,42.0,,23.0,,,64c2e75c-c4e2-e15b-09d7-0d750eff9a31.extra_data.json,3,87.0,64,371,2021-03-23 16:25:00.000,,2021-03-23 22:36:29.001,2021-03-23 22:36:20.099,UTC+0900,m6sL7dLFqc,,com.sec.android.app.shealth,2021-03-23 22:36:00.000,64c2e75c-c4e2-e15b-09d7-0d750eff9a31,
,65.0,35,35,0,5,26,159,86,1,21,0,0,,1,54.0,,30.0,,,3a482acd-a5bd-a138-6697-33c0d083c669.extra_data.json,2,83.0,73,159,2021-09-09 19:27:00.000,,2021-09-09 22:23:30.657,2021-09-09 22:23:27.388,UTC+0900,m6sL7dLFqc,,com.sec.android.app.shealth,2021-09-09 22:06:00.000,3a482acd-a5bd-a138-6697-33c0d083c669,
,40.0,26,47,4,25,57,499,120,3,43,0,0,,1,68.0,,23.0,,,d2963ebc-3d87-a08a-e023-852a9094100d.extra_data.json,5,88.0,59,499,2021-01-29 16:24:00.000,,2021-01-30 00:46:07.656,2021-01-30 00:46:04.583,UTC+0900,m6sL7dLFqc,,com.sec.android.app.shealth,2021-01-30 00:43:00.000,d2963ebc-3d87-a08a-e023-852a9094100d,
,63.0,35,35,9,17,29,338,152,1,24,0,0,511032be-faf4-4ca4-ba63-fcfefcea1e63,1,53.0,,22.0,,,fd759259-5ff2-0035-f7cd-6dde75be2658.extra_data.json,4,91.0,58,338,2021-09-12 15:43:00.000,,2021-09-12 22:29:50.802,2021-09-12 21:26:38.372,UTC+0900,m6sL7dLFqc,,com.sec.android.app.shealth,2021-09-12 21:21:00.000,fd759259-5ff2-0035-f7cd-6dde75be2658,
,75.0,27,27,9,10,27,398,189,0,3,0,0,,1,52.0,,12.0,,,71b5efda-6f5b-2838-1fe5-be00c0b311ee.extra_data.json,3,93.0,71,398,2021-04-16 16:20:00.000,,2021-04-16 23:07:23.407,2021-04-16 22:58:27.308,UTC+0900,m6sL7dLFqc,,com.sec.android.app.shealth,2021-04-16 22:58:00.000,71b5efda-6f5b-2838-1fe5-be00c0b311ee,
,46.0,38,38,0,19,33,370,117,3,16,0,0,,1,60.0,,13.0,,,579c21be-d3f5-84f0-84c6-235cf5dedd90.extra_data.json,5,91.0,72,370,2021-02-16 16:05:00.000,,2021-03-03 10:29:56.276,2021-02-16 22:15:17.992,UTC+0900,m6sL7dLFqc,,com.sec.android.app.shealth,2021-02-16 22:15:00.000,579c21be-d3f5-84f0-84c6-235cf5dedd90,
,59.0,17,27,5,16,63,409,95,2,39,0,0,,1,55.0,,30.0,,,d3e4e8bf-9c14-9a8f-881a-9af6039bc56d.extra_data.json,5,84.0,59,409,2021-09-01 16:20:00.000,,2021-09-01 23:10:18.039,2021-09-01 23:10:13.924,UTC+0900,m6sL7dLFqc,,com.sec.android.app.shealth,2021-09-01 23:09:00.000,d3e4e8bf-9c14-9a8f-881a-9af6039bc56d,
,57.0,34,34,3,23,35,399,99,1,16,0,0,,1,62.0,,16.0,,,b808aa02-395c-5368-71c1-07582fb3ce6e.extra_data.json,4,91.0,71,399,2021-04-24 16:15:00.000,,2021-04-24 22:54:31.905,2021-04-24 22:54:28.140,UTC+0900,m6sL7dLFqc,,com.sec.android.app.shealth,2021-04-24 22:54:00.000,b808aa02-395c-5368-71c1-07582fb3ce6e,
,80.0,2,40,1,10,47,356,49,0,28,0,0,,1,48.0,,23.0,,,05ab7909-ba84-d548-7a1d-6e9a8f8cd40e.extra_data.json,4,86.0,60,356,2021-09-19 17:00:00.000,,2021-09-19 23:13:42.415,2021-09-19 23:13:37.401,UTC+0900,m6sL7dLFqc,,com.sec.android.app.shealth,2021-09-19 22:56:00.000,05ab7909-ba84-d548-7a1d-6e9a8f8cd40e,
,56.0,3,3,9,14,75,348,196,1,55,0,0,,1,36.0,,42.0,,,1431dcaa-d588-38d9-aab0-44afbbab1034.extra_data.json,2,78.0,42,348,2021-03-05 19:22:00.000,,2021-03-06 01:17:23.581,2021-03-06 01:17:21.342,UTC+0900,m6sL7dLFqc,,com.sec.android.app.shealth,2021-03-06 01:10:00.000,1431dcaa-d588-38d9-aab0-44afbbab1034,
,85.0,14,17,12,5,32,345,92,0,19,0,0,,1,46.0,,28.0,,,9d9a36c9-6532-6944-ea92-125921d6cdfc.extra_data.json,4,90.0,64,345,2021-04-30 17:41:00.000,,2021-04-30 23:53:16.876,2021-04-30 23:26:52.338,UTC+0900,m6sL7dLFqc,,com.sec.android.app.shealth,2021-04-30 23:26:00.000,9d9a36c9-6532-6944-ea92-125921d6cdfc,
,74.0,0,0,26,1,29,147,147,0,18,0,0,,1,15.0,,50.0,,,22dbed6c-1e4c-b34a-e014-9b21ad9d479e.extra_data.json,1,80.0,38,147,2021-09-09 22:52:00.000,,2021-09-10 01:19:14.358,2021-09-10 01:19:12.505,UTC+0900,m6sL7dLFqc,,com.sec.android.app.shealth,2021-09-10 01:19:00.000,22dbed6c-1e4c-b34a-e014-9b21ad9d479e,
,62.0,3,3,9,8,89,281,144,1,78,0,0,bc76c54c-5c33-4e2b-aa1a-9ee6e744d5b9,1,30.0,,66.0,,,dc3ed9ef-a16f-e543-d3e7-9b99c0d948cd.extra_data.json,2,68.0,40,281,2021-09-24 19:50:00.000,,2021-09-25 00:32:00.090,2021-09-25 00:31:57.107,UTC+0900,m6sL7dLFqc,,com.sec.android.app.shealth,2021-09-25 00:31:00.000,dc3ed9ef-a16f-e543-d3e7-9b99c0d948cd,
,70.0,0,21,0,0,0,49,0,0,0,0,0,511032be-faf4-4ca4-ba63-fcfefcea1e63,1,48.0,,0.0,,,ab628110-95b6-0150-41c8-2d45eceb4bf6.extra_data.json,0,100.0,54,49,2021-09-12 21:35:00.000,,2021-09-12 22:29:50.807,2021-09-12 22:29:48.491,UTC+0900,m6sL7dLFqc,,com.sec.android.app.shealth,2021-09-12 22:24:00.000,ab628110-95b6-0150-41c8-2d45eceb4bf6,
,44.0,33,33,9,36,64,368,174,1,37,0,0,,1,53.0,,33.0,,,d6292f31-bd66-97b7-4fb1-9f806db0e40f.extra_data.json,4,82.0,61,368,2021-03-25 18:03:00.000,,2021-03-26 00:11:48.468,2021-03-26 00:11:48.585,UTC+0900,m6sL7dLFqc,,com.sec.android.app.shealth,2021-03-26 00:11:00.000,d6292f31-bd66-97b7-4fb1-9f806db0e40f,
,60.0,0,0,9,20,53,363,139,1,28,0,0,06a02f45-7913-4602-8d73-f4781005a62b,1,36.0,,29.0,,,47d42100-5242-faf7-509b-9859a8b40e4c.extra_data.json,4,85.0,36,363,2021-05-04 17:36:00.000,,2021-05-04 23:43:44.908,2021-05-04 23:43:42.278,UTC+0900,m6sL7dLFqc,,com.sec.android.app.shealth,2021-05-04 23:39:00.000,47d42100-5242-faf7-509b-9859a8b40e4c,
,78.0,19,19,0,7,15,291,79,0,0,0,0,,1,45.0,,5.0,,,a3723abb-afb1-9769-54c4-127e09b2203f.extra_data.json,3,94.0,73,291,2021-10-04 16:23:00.000,,2021-10-04 21:14:56.862,2021-10-04 21:14:53.346,UTC+0900,m6sL7dLFqc,,com.sec.android.app.shealth,2021-10-04 21:14:00.000,a3723abb-afb1-9769-54c4-127e09b2203f,
,66.0,0,0,10,9,32,282,89,1,18,0,0,,1,28.0,,29.0,,,fda6726f-acca-6906-fcb6-585d4f017612.extra_data.json,3,88.0,40,282,2021-09-20 15:52:00.000,,2021-09-20 20:35:19.266,2021-09-20 20:35:17.362,UTC+0900,m6sL7dLFqc,,com.sec.android.app.shealth,2021-09-20 20:34:00.000,fda6726f-acca-6906-fcb6-585d4f017612,
,56.0,4,4,1,9,10,85,85,1,9,0,0,,1,15.0,,24.0,,,9edaed2b-a000-5c33-1635-372ed7c8442e.extra_data.json,1,88.0,50,85,2021-04-17 08:26:00.000,,2021-04-17 10:12:39.248,2021-04-17 09:57:50.335,UTC+0900,m6sL7dLFqc,,com.sec.android.app.shealth,2021-04-17 09:51:00.000,9edaed2b-a000-5c33-1635-372ed7c8442e,
,16.0,25,25,11,49,65,420,168,2,49,0,0,,1,54.0,,34.0,,,bc6a384a-b23c-095b-8ae6-3835d865ff91.extra_data.json,3,84.0,53,420,2021-05-11 15:24:00.000,,2021-05-11 22:24:47.542,2021-05-11 22:24:43.132,UTC+0900,m6sL7dLFqc,,com.sec.android.app.shealth,2021-05-11 22:24:00.000,bc6a384a-b23c-095b-8ae6-3835d865ff91,
,32.0,20,20,0,43,51,272,77,1,41,3,0,,1,45.0,,34.0,,,a618d864-de83-7a5d-4e6f-5fd6df8427cd.extra_data.json,3,80.0,58,275,2021-10-12 17:31:00.000,,2021-10-12 22:25:28.397,2021-10-12 22:25:24.797,UTC+0900,m6sL7dLFqc,,com.sec.android.app.shealth,2021-10-12 22:06:00.000,a618d864-de83-7a5d-4e6f-5fd6df8427cd,
,57.0,22,22,3,8,31,149,120,1,25,0,0,,1,37.0,,40.0,,,1c2ca146-1af2-c48e-4f1a-20efd09a78ff.extra_data.json,1,79.0,58,149,2021-05-16 06:20:00.000,,2021-05-16 09:07:03.376,2021-05-16 08:54:11.303,UTC+0900,m6sL7dLFqc,,com.sec.android.app.shealth,2021-05-16 08:49:00.000,1c2ca146-1af2-c48e-4f1a-20efd09a78ff,
,79.0,24,26,9,1,12,246,97,0,8,0,0,,1,45.0,,17.0,,,bcaaa652-4285-6354-c94d-d4d5c558a5b5.extra_data.json,2,95.0,70,246,2021-09-25 17:27:00.000,,2021-09-25 21:33:31.112,2021-09-25 21:33:28.245,UTC+0900,m6sL7dLFqc,,com.sec.android.app.shealth,2021-09-25 21:33:00.000,bcaaa652-4285-6354-c94d-d4d5c558a5b5,
,56.0,36,36,3,19,27,377,95,1,17,0,0,,1,62.0,,15.0,,,a9286fc3-7282-7642-bbed-7f19d265b065.extra_data.json,3,92.0,71,377,2021-04-25 16:56:00.000,,2021-04-25 23:16:17.685,2021-04-25 23:13:22.757,UTC+0900,m6sL7dLFqc,,com.sec.android.app.shealth,2021-04-25 23:13:00.000,a9286fc3-7282-7642-bbed-7f19d265b065,
,24.0,21,21,3,36,69,416,136,3,51,0,0,,1,53.0,,31.0,,,336ac124-28b7-0f59-e355-913d7d60eb86.extra_data.json,4,83.0,54,416,2021-05-20 16:22:00.000,,2021-05-20 23:19:58.465,2021-05-20 23:18:48.344,UTC+0900,m6sL7dLFqc,,com.sec.android.app.shealth,2021-05-20 23:18:00.000,336ac124-28b7-0f59-e355-913d7d60eb86,
,33.0,22,22,13,32,75,269,200,1,63,0,0,,1,39.0,,58.0,,,26bf836b-22c5-e21b-f9b7-b6af50a76cba.extra_data.json,1,72.0,45,269,2021-10-05 05:45:00.000,,2021-10-05 10:23:52.191,2021-10-05 10:23:47.374,UTC+0900,m6sL7dLFqc,,com.sec.android.app.shealth,2021-10-05 10:14:00.000,26bf836b-22c5-e21b-f9b7-b6af50a76cba,
,53.0,1,1,13,12,25,112,100,1,23,0,0,,1,12.0,,56.0,,,77f2b0c0-3530-b1a5-a9d8-8ab85750e552.extra_data.json,1,77.0,47,112,2021-05-25 22:36:00.000,,2021-05-26 00:42:47.444,2021-05-26 00:34:21.362,UTC+0900,m6sL7dLFqc,,com.sec.android.app.shealth,2021-05-26 00:28:00.000,77f2b0c0-3530-b1a5-a9d8-8ab85750e552,
,81.0,4,27,1,4,39,411,54,0,28,0,0,,1,51.0,,18.0,,,881c7f59-c9a0-cae7-3d33-eff502416a41.extra_data.json,3,90.0,70,411,2021-11-06 16:19:00.000,,2021-11-06 23:15:51.987,2021-11-06 23:15:43.309,UTC+0900,m6sL7dLFqc,,com.sec.android.app.shealth,2021-11-06 23:10:00.000,881c7f59-c9a0-cae7-3d33-eff502416a41,
,84.0,26,26,9,1,41,337,84,0,35,0,0,,1,54.0,,33.0,,,f8cdba52-dfb5-0c76-2b95-85d73eedaf64.extra_data.json,3,87.0,68,337,2021-10-16 17:13:00.000,,2021-10-16 23:04:07.820,2021-10-16 23:04:04.356,UTC+0900,m6sL7dLFqc,,com.sec.android.app.shealth,2021-10-16 22:50:00.000,f8cdba52-dfb5-0c76-2b95-85d73eedaf64,
,62.0,25,25,5,8,14,182,88,1,6,0,0,8805e13b-66ba-449f-9d23-79c5623dc2be,1,43.0,,17.0,,,4ff068a7-ac17-8324-e55f-34f67d4fdc6b.extra_data.json,2,92.0,62,182,2021-06-01 16:11:00.000,,2021-06-01 23:37:13.332,2021-06-01 19:13:38.393,UTC+0900,m6sL7dLFqc,,com.sec.android.app.shealth,2021-06-01 19:13:00.000,4ff068a7-ac17-8324-e55f-34f67d4fdc6b,
,66.0,20,54,2,14,22,356,84,1,11,0,0,,1,60.0,,12.0,,,da91aae6-62f9-3559-4f29-ee4f051cf6a2.extra_data.json,4,93.0,70,356,2021-05-01 16:16:00.000,,2021-05-01 22:17:39.634,2021-05-01 22:17:34.267,UTC+0900,m6sL7dLFqc,,com.sec.android.app.shealth,2021-05-01 22:12:00.000,da91aae6-62f9-3559-4f29-ee4f051cf6a2,
,82.0,23,50,2,3,49,408,85,0,36,2,0,,1,64.0,,23.0,,,8f74d9e8-fb7e-4787-8338-fa8fd2f465b8.extra_data.json,3,87.0,77,410,2021-12-05 15:55:00.000,,2021-12-05 23:05:23.956,2021-12-05 23:05:15.926,UTC+0900,PkMNM+JAvu,,com.sec.android.app.shealth,2021-12-05 22:45:00.000,8f74d9e8-fb7e-4787-8338-fa8fd2f465b8,
,53.0,35,35,16,17,42,470,109,2,29,0,0,,1,67.0,,30.0,,,59c7d1ec-5c15-5d09-9e91-569b45886c19.extra_data.json,4,91.0,64,470,2021-06-10 14:22:00.000,,2021-06-10 22:16:31.677,2021-06-10 22:16:28.232,UTC+0900,m6sL7dLFqc,,com.sec.android.app.shealth,2021-06-10 22:12:00.000,59c7d1ec-5c15-5d09-9e91-569b45886c19,
,70.0,0,36,0,0,0,69,0,0,0,0,0,,1,59.0,,0.0,,,a2c45a39-4de0-c438-af3b-5ee174f6e6c8.extra_data.json,0,100.0,54,69,2021-05-05 10:36:00.000,,2021-05-05 11:45:07.845,2021-05-05 11:45:05.994,UTC+0900,m6sL7dLFqc,,com.sec.android.app.shealth,2021-05-05 11:45:00.000,a2c45a39-4de0-c438-af3b-5ee174f6e6c8,
,51.0,23,23,3,24,32,334,148,1,20,5,0,,2,47.0,,18.0,,,6e56d3b4-d583-4e80-a521-bdd24378125a.extra_data.json,3,89.0,54,339,2021-12-17 17:02:00.000,,2021-12-17 22:58:07.639,2021-12-17 22:57:59.446,UTC+0900,PkMNM+JAvu,,com.sec.android.app.shealth,2021-12-17 22:41:00.000,6e56d3b4-d583-4e80-a521-bdd24378125a,
,75.0,0,0,13,5,25,227,85,0,8,0,0,,1,23.0,,30.0,,,477baff5-24be-99c2-5864-e2104b1d4ce9.extra_data.json,2,88.0,46,227,2021-11-14 17:21:00.000,,2021-11-14 21:11:12.594,2021-11-14 21:11:08.617,UTC+0900,m6sL7dLFqc,,com.sec.android.app.shealth,2021-11-14 21:08:00.000,477baff5-24be-99c2-5864-e2104b1d4ce9,
,76.0,17,17,3,4,90,423,158,0,70,0,0,,1,51.0,,40.0,,,29347b8b-95ae-e4ca-b2ec-ac326aa21e74.extra_data.json,2,78.0,60,423,2021-05-12 15:09:00.000,,2021-05-12 22:16:12.659,2021-05-12 22:12:21.421,UTC+0900,m6sL7dLFqc,,com.sec.android.app.shealth,2021-05-12 22:12:00.000,29347b8b-95ae-e4ca-b2ec-ac326aa21e74,
,45.0,5,5,18,10,51,313,240,2,39,0,0,,1,34.0,,36.0,,,688f9015-692b-0388-87e5-c12c2cda2b59.extra_data.json,1,83.0,42,313,2021-06-17 16:56:00.000,,2021-06-17 22:14:51.857,2021-06-17 22:09:15.780,UTC+0900,m6sL7dLFqc,,com.sec.android.app.shealth,2021-06-17 22:09:00.000,688f9015-692b-0388-87e5-c12c2cda2b59,
,82.0,58,58,1,3,46,385,117,0,34,3,0,,2,73.0,,22.0,,,227ddd8b-6495-433a-82e5-f0c0ac5ac067.extra_data.json,3,87.0,91,388,2021-12-23 15:44:00.000,,2021-12-23 22:31:49.214,2021-12-23 22:31:40.041,UTC+0900,PkMNM+JAvu,,com.sec.android.app.shealth,2021-12-23 22:12:00.000,227ddd8b-6495-433a-82e5-f0c0ac5ac067,
,78.0,0,29,5,7,22,319,114,0,0,0,0,,1,41.0,,11.0,,,c2e29609-2c18-9480-994c-45118a63a809.extra_data.json,3,93.0,61,319,2021-06-28 16:51:00.000,,2021-06-28 22:11:32.719,2021-06-28 22:10:32.847,UTC+0900,m6sL7dLFqc,,com.sec.android.app.shealth,2021-06-28 22:10:00.000,c2e29609-2c18-9480-994c-45118a63a809,
,75.0,0,0,13,0,19,147,115,0,14,0,0,d66c7fe8-707f-4301-868d-e6f7a5008b9c,1,15.0,,34.0,,,86fb2935-73f1-4427-a8a4-5d24ec8057fb.extra_data.json,1,87.0,43,147,2021-12-06 16:53:00.000,,2021-12-06 22:54:04.359,2021-12-06 19:25:07.661,UTC+0900,PkMNM+JAvu,,com.sec.android.app.shealth,2021-12-06 19:20:00.000,86fb2935-73f1-4427-a8a4-5d24ec8057fb,
,87.0,8,8,3,3,26,342,96,0,4,0,0,,2,40.0,,12.0,,,e58a302c-7704-4c11-b026-cc2f29acaec5.extra_data.json,4,92.0,76,342,2022-01-05 08:45:00.000,,2022-01-05 14:32:05.994,2022-01-05 14:31:58.513,UTC-0800,PkMNM+JAvu,,com.sec.android.app.shealth,2022-01-05 14:27:00.000,e58a302c-7704-4c11-b026-cc2f29acaec5,
,90.0,13,33,0,5,28,372,67,0,13,0,0,,1,54.0,,11.0,,,1f960d33-dbe4-f860-f628-3fc7a319c396.extra_data.json,5,92.0,81,372,2021-05-16 15:12:00.000,,2021-05-16 21:35:24.310,2021-05-16 21:24:47.371,UTC+0900,m6sL7dLFqc,,com.sec.android.app.shealth,2021-05-16 21:24:00.000,1f960d33-dbe4-f860-f628-3fc7a319c396,
,50.0,0,0,4,15,34,409,74,3,9,0,0,,1,41.0,,16.0,,,bbf96353-13a8-dab5-4da3-d7187a9c69c9.extra_data.json,5,91.0,48,409,2021-08-07 16:30:00.000,,2021-08-07 23:19:19.185,2021-08-07 23:19:15.484,UTC+0900,m6sL7dLFqc,,com.sec.android.app.shealth,2021-08-07 23:19:00.000,bbf96353-13a8-dab5-4da3-d7187a9c69c9,
,80.0,18,18,34,5,62,287,93,0,53,3,0,,2,43.0,,77.0,,,35ccb395-e123-439d-aa6a-669a250f0f30.extra_data.json,3,77.0,69,290,2021-12-17 23:56:00.000,,2021-12-18 05:06:59.373,2021-12-18 05:04:44.067,UTC+0900,PkMNM+JAvu,,com.sec.android.app.shealth,2021-12-18 04:46:00.000,35ccb395-e123-439d-aa6a-669a250f0f30,
,45.0,12,19,1,40,65,507,61,1,43,0,0,,1,62.0,,23.0,,,e92d43a1-2e37-da78-ebda-e3a6b01875c3.extra_data.json,5,87.0,59,507,2021-05-21 16:25:00.000,,2021-05-22 01:01:40.253,2021-05-22 01:01:36.369,UTC+0900,m6sL7dLFqc,,com.sec.android.app.shealth,2021-05-22 00:52:00.000,e92d43a1-2e37-da78-ebda-e3a6b01875c3,
,65.0,8,43,0,20,27,474,87,1,8,0,0,,1,60.0,,7.0,,,5bd04027-e577-91ed-3c29-dd0409eba5df.extra_data.json,5,94.0,71,474,2021-08-21 16:03:00.000,,2021-08-21 23:59:05.417,2021-08-21 23:59:00.739,UTC+0900,m6sL7dLFqc,,com.sec.android.app.shealth,2021-08-21 23:57:00.000,5bd04027-e577-91ed-3c29-dd0409eba5df,
,44.0,2,2,15,21,50,319,157,2,32,0,0,,2,33.0,,35.0,,,ba5de353-d902-4219-b67a-ab85ded95cd9.extra_data.json,3,84.0,44,319,2022-01-12 12:59:00.000,,2022-01-12 18:36:22.072,2022-01-12 18:36:13.247,UTC+0900,PkMNM+JAvu,,com.sec.android.app.shealth,2022-01-12 18:18:00.000,ba5de353-d902-4219-b67a-ab85ded95cd9,
,58.0,27,27,13,7,34,351,201,2,17,0,0,,1,48.0,,21.0,,,10cea893-a878-9813-87b2-1f5996e84f95.extra_data.json,3,90.0,56,351,2021-09-02 16:13:00.000,,2021-09-02 22:04:06.454,2021-09-02 22:04:02.307,UTC+0900,m6sL7dLFqc,,com.sec.android.app.shealth,2021-09-02 22:04:00.000,10cea893-a878-9813-87b2-1f5996e84f95,
,50.0,34,34,13,20,108,447,216,2,78,0,0,,1,59.0,,48.0,,,a96fec92-3e73-c6cc-ef04-6348808d8635.extra_data.json,4,75.0,58,447,2021-05-26 16:17:00.000,,2021-05-26 23:56:54.070,2021-05-26 23:56:50.289,UTC+0900,m6sL7dLFqc,,com.sec.android.app.shealth,2021-05-26 23:44:00.000,a96fec92-3e73-c6cc-ef04-6348808d8635,
,71.0,37,64,2,9,44,403,77,1,34,0,0,,2,75.0,,22.0,,,f42c6932-acf2-4bd0-866f-c9b52448c02e.extra_data.json,4,89.0,79,403,2021-12-27 19:32:00.000,,2021-12-28 02:27:06.657,2021-12-28 02:27:00.611,UTC+0900,PkMNM+JAvu,,com.sec.android.app.shealth,2021-12-28 02:15:00.000,f42c6932-acf2-4bd0-866f-c9b52448c02e,
,70.0,0,31,0,0,0,64,0,0,0,0,0,0958fe29-6ffc-436b-8ccb-5e12a75f3d0f,1,55.0,,0.0,,,d18b97e1-168d-1533-a0c3-bf0297d8d6a5.extra_data.json,0,100.0,54,64,2021-09-10 16:00:00.000,,2021-09-10 21:03:49.189,2021-09-10 17:04:20.473,UTC+0900,m6sL7dLFqc,,com.sec.android.app.shealth,2021-09-10 17:04:00.000,d18b97e1-168d-1533-a0c3-bf0297d8d6a5,
,51.0,37,37,3,14,49,427,143,2,31,4,0,,2,62.0,,21.0,,,7736d17a-25df-43f0-a62c-d18c2a605ffc.extra_data.json,3,87.0,67,431,2022-01-29 17:48:00.000,,2022-01-30 01:17:11.953,2022-01-30 01:16:54.959,UTC+0900,PkMNM+JAvu,,com.sec.android.app.shealth,2022-01-30 00:59:00.000,7736d17a-25df-43f0-a62c-d18c2a605ffc,
,83.0,5,5,4,2,30,330,83,0,21,0,0,,2,37.0,,20.0,,,8e685a63-faad-4728-9dd0-69512f54b81a.extra_data.json,3,90.0,70,330,2022-01-07 09:35:00.000,,2022-01-07 15:11:47.120,2022-01-07 15:11:41.587,UTC-0800,PkMNM+JAvu,,com.sec.android.app.shealth,2022-01-07 15:05:00.000,8e685a63-faad-4728-9dd0-69512f54b81a,
,63.0,28,28,15,7,76,386,234,1,65,3,0,,1,51.0,,43.0,,,43d8794b-3f30-1c0d-d933-e21c1f68a5c6.extra_data.json,2,79.0,56,389,2021-09-13 15:49:00.000,,2021-09-13 22:37:42.519,2021-09-13 22:37:38.605,UTC+0900,m6sL7dLFqc,,com.sec.android.app.shealth,2021-09-13 22:18:00.000,43d8794b-3f30-1c0d-d933-e21c1f68a5c6,
,48.0,14,14,3,17,20,87,70,1,17,0,0,,3,33.0,,47.0,,,d05cec73-e63e-46ac-a1aa-30a0ddd8a101.extra_data.json,1,77.0,57,87,2022-02-13 07:37:00.000,,2022-02-13 09:21:07.412,2022-02-13 09:21:04.411,UTC+0900,PkMNM+JAvu,,com.sec.android.app.shealth,2022-02-13 09:04:00.000,d05cec73-e63e-46ac-a1aa-30a0ddd8a101,
,77.0,48,48,6,3,56,259,139,0,41,0,0,8805e13b-66ba-449f-9d23-79c5623dc2be,1,58.0,,42.0,,,bc5399bd-7b10-64ef-c0cf-36a8c64ae718.extra_data.json,2,78.0,69,259,2021-06-01 19:18:00.000,,2021-06-01 23:37:13.338,2021-06-01 23:37:10.433,UTC+0900,m6sL7dLFqc,,com.sec.android.app.shealth,2021-06-01 23:37:00.000,bc5399bd-7b10-64ef-c0cf-36a8c64ae718,
,70.0,0,0,0,0,36,123,0,0,23,0,0,,2,12.0,,48.0,,,30574670-6585-4a11-ae84-439c0798249a.extra_data.json,0,70.0,41,123,2022-01-12 20:23:00.000,,2022-01-12 22:42:02.542,2022-01-12 22:36:08.159,UTC+0900,PkMNM+JAvu,,com.sec.android.app.shealth,2022-01-12 22:26:00.000,30574670-6585-4a11-ae84-439c0798249a,
,63.0,13,13,7,2,12,159,159,1,6,0,0,,1,27.0,,16.0,,,dc339ac8-64a6-8529-97f7-7e7cfba52b82.extra_data.json,1,92.0,60,159,2021-09-21 04:27:00.000,,2021-09-21 07:10:34.224,2021-09-21 07:10:31.339,UTC+0900,m6sL7dLFqc,,com.sec.android.app.shealth,2021-09-21 07:06:00.000,dc339ac8-64a6-8529-97f7-7e7cfba52b82,
,34.0,24,39,4,41,75,552,89,3,48,0,0,,1,73.0,,27.0,,,f2966d1f-3fc8-ce45-9d3a-1b59daff0406.extra_data.json,7,86.0,54,552,2021-06-12 14:12:00.000,,2021-06-12 23:25:01.667,2021-06-12 23:24:58.114,UTC+0900,m6sL7dLFqc,,com.sec.android.app.shealth,2021-06-12 23:24:00.000,f2966d1f-3fc8-ce45-9d3a-1b59daff0406,
,23.0,5,31,0,32,53,433,44,4,28,1,0,,2,55.0,,19.0,,,168781b3-bdfd-429e-9660-b96aaca99ecd.extra_data.json,5,87.0,62,434,2022-02-05 17:03:00.000,,2022-02-06 00:35:49.749,2022-02-06 00:35:40.276,UTC+0900,PkMNM+JAvu,,com.sec.android.app.shealth,2022-02-06 00:17:00.000,168781b3-bdfd-429e-9660-b96aaca99ecd,
,76.0,26,26,4,4,14,270,126,0,0,0,0,,1,45.0,,8.0,,,8a8ccbb3-8e72-de5b-0d1b-b561cd3a2946.extra_data.json,2,94.0,66,270,2021-06-20 16:47:00.000,,2021-06-20 21:29:17.528,2021-06-20 21:20:22.481,UTC+0900,m6sL7dLFqc,,com.sec.android.app.shealth,2021-06-20 21:17:00.000,8a8ccbb3-8e72-de5b-0d1b-b561cd3a2946,
,70.0,0,29,0,0,0,62,0,0,0,0,0,d5dbf998-352e-4f52-ab99-14c3a5ed3b48,1,53.0,,0.0,,,f5a2c5e8-f6a1-2e7c-a0d3-98ac1be3196a.extra_data.json,0,100.0,54,62,2021-09-26 15:32:00.000,,2021-09-26 21:32:13.444,2021-09-26 16:34:08.519,UTC+0900,m6sL7dLFqc,,com.sec.android.app.shealth,2021-09-26 16:34:00.000,f5a2c5e8-f6a1-2e7c-a0d3-98ac1be3196a,
,84.0,18,28,2,6,57,419,94,0,24,0,0,,3,56.0,,21.0,,,2bce7289-7864-4cc3-aa55-4e2f7d42f7c4.extra_data.json,4,86.0,76,419,2022-02-16 16:39:00.000,,2022-02-16 23:38:57.929,2022-02-16 23:38:49.922,UTC+0900,PkMNM+JAvu,,com.sec.android.app.shealth,2022-02-16 23:38:00.000,2bce7289-7864-4cc3-aa55-4e2f7d42f7c4,
,75.0,0,3,4,10,57,376,78,0,31,0,0,,1,38.0,,29.0,,,50e3832c-744f-d3ab-a69f-11adc42212a3.extra_data.json,3,84.0,55,376,2021-07-25 16:18:00.000,,2021-07-25 22:41:18.876,2021-07-25 22:35:14.140,UTC+0900,m6sL7dLFqc,,com.sec.android.app.shealth,2021-07-25 22:34:00.000,50e3832c-744f-d3ab-a69f-11adc42212a3,
,30.0,29,29,0,55,87,402,68,1,66,0,0,,1,64.0,,38.0,,,0896b680-a19f-5d27-f1c5-58ee9c1612b4.extra_data.json,5,78.0,64,402,2021-08-09 16:28:00.000,,2021-08-09 23:13:06.265,2021-08-09 23:13:03.127,UTC+0900,m6sL7dLFqc,,com.sec.android.app.shealth,2021-08-09 23:10:00.000,0896b680-a19f-5d27-f1c5-58ee9c1612b4,
,70.0,0,30,0,0,0,60,0,0,0,0,0,f4a16ff4-7ad9-40ed-aed8-50751198c173,1,56.0,,0.0,,,e06d9cae-2c23-e404-e245-cefbb332828c.extra_data.json,0,100.0,54,60,2021-10-05 14:03:00.000,,2021-10-05 21:13:02.333,2021-10-05 15:03:16.418,UTC+0900,m6sL7dLFqc,,com.sec.android.app.shealth,2021-10-05 15:03:00.000,e06d9cae-2c23-e404-e245-cefbb332828c,
,61.0,13,13,3,4,7,150,89,1,7,0,0,8436ca21-3514-43ca-bb4f-484d379e9b29,1,30.0,,13.0,,,05322f9f-213e-5285-76e4-830563666ffd.extra_data.json,1,95.0,66,150,2021-08-29 16:23:00.000,,2021-08-29 21:24:36.951,2021-08-29 18:53:02.574,UTC+0900,m6sL7dLFqc,,com.sec.android.app.shealth,2021-08-29 18:53:00.000,05322f9f-213e-5285-76e4-830563666ffd,
,74.0,0,0,3,1,10,152,71,0,6,0,0,,1,15.0,,15.0,,,e9b573bb-923e-30a3-0d4e-f33c3ec3b600.extra_data.json,1,93.0,48,152,2021-10-19 15:52:00.000,,2021-10-19 18:27:16.954,2021-10-19 18:27:14.485,UTC+0900,m6sL7dLFqc,,com.sec.android.app.shealth,2021-10-19 18:24:00.000,e9b573bb-923e-30a3-0d4e-f33c3ec3b600,
,9.0,28,28,26,46,74,369,95,3,66,0,0,,1,56.0,,65.0,,,9e8ccc3d-e493-c71c-896f-60706c4af948.extra_data.json,3,79.0,58,369,2021-09-05 16:00:00.000,,2021-09-05 22:10:17.231,2021-09-05 22:10:13.760,UTC+0900,m6sL7dLFqc,,com.sec.android.app.shealth,2021-09-05 22:09:00.000,9e8ccc3d-e493-c71c-896f-60706c4af948,
,69.0,24,43,10,11,26,360,71,1,18,0,0,,1,61.0,,26.0,,,a367d19b-058f-7ced-eca2-a8daec4bd3bb.extra_data.json,4,92.0,69,360,2021-11-27 17:04:00.000,,2021-11-27 23:04:17.749,2021-11-27 23:04:15.373,UTC+0900,m6sL7dLFqc,,com.sec.android.app.shealth,2021-11-27 23:04:00.000,a367d19b-058f-7ced-eca2-a8daec4bd3bb,
,35.0,0,3,12,35,59,193,35,1,52,0,0,d66c7fe8-707f-4301-868d-e6f7a5008b9c,1,21.0,,92.0,,,5899423c-36a2-4dab-8cd6-65f2369f5e2f.extra_data.json,2,69.0,28,193,2021-12-06 19:40:00.000,,2021-12-06 22:54:04.364,2021-12-06 22:53:57.652,UTC+0900,PkMNM+JAvu,,com.sec.android.app.shealth,2021-12-06 22:53:00.000,5899423c-36a2-4dab-8cd6-65f2369f5e2f,
,48.0,11,11,1,12,19,225,120,2,8,0,0,0958fe29-6ffc-436b-8ccb-5e12a75f3d0f,1,31.0,,13.0,,,6d6e3d4a-fe5c-88ad-a16c-fee8f6ac593d.extra_data.json,2,91.0,54,225,2021-09-10 17:13:00.000,,2021-09-10 21:03:49.218,2021-09-10 21:03:46.410,UTC+0900,m6sL7dLFqc,,com.sec.android.app.shealth,2021-09-10 20:58:00.000,6d6e3d4a-fe5c-88ad-a16c-fee8f6ac593d,
,55.0,24,52,1,15,32,352,77,2,18,0,0,,2,62.0,,16.0,,,1bfa5e7c-776d-4389-a806-25c721d10365.extra_data.json,4,90.0,65,352,2021-12-18 17:23:00.000,,2021-12-18 23:15:32.520,2021-12-18 23:15:22.153,UTC+0900,PkMNM+JAvu,,com.sec.android.app.shealth,2021-12-18 23:15:00.000,1bfa5e7c-776d-4389-a806-25c721d10365,
,74.0,0,18,4,11,62,438,34,1,49,0,0,,1,48.0,,37.0,,,3f33ae91-7590-8b51-d252-a53b0a45b449.extra_data.json,5,85.0,47,438,2021-09-14 16:13:00.000,,2021-09-14 23:39:00.116,2021-09-14 23:38:57.508,UTC+0900,m6sL7dLFqc,,com.sec.android.app.shealth,2021-09-14 23:31:00.000,3f33ae91-7590-8b51-d252-a53b0a45b449,
,70.0,0,0,0,0,13,92,0,0,12,0,0,,2,9.0,,27.0,,,a1ad868e-f992-4925-875f-e36e06831dc1.extra_data.json,0,85.0,41,92,2021-12-29 13:41:00.000,,2021-12-29 15:13:12.944,2021-12-29 15:13:09.263,UTC+0900,PkMNM+JAvu,,com.sec.android.app.shealth,2021-12-29 15:13:00.000,a1ad868e-f992-4925-875f-e36e06831dc1,
,30.0,19,19,1,25,58,321,84,3,52,0,0,,1,47.0,,35.0,,,b300b2c3-0905-c0bf-e6f2-7e2beb31e0c4.extra_data.json,3,81.0,55,321,2021-09-22 17:05:00.000,,2021-09-22 22:31:39.054,2021-09-22 22:31:35.497,UTC+0900,m6sL7dLFqc,,com.sec.android.app.shealth,2021-09-22 22:26:00.000,b300b2c3-0905-c0bf-e6f2-7e2beb31e0c4,
,64.0,0,0,7,11,24,286,121,1,10,0,0,d5dbf998-352e-4f52-ab99-14c3a5ed3b48,1,29.0,,18.0,,,2e5645fe-3d4e-62e8-11ce-99895b5c2d02.extra_data.json,3,91.0,40,286,2021-09-26 16:42:00.000,,2021-09-26 21:32:13.454,2021-09-26 21:32:05.385,UTC+0900,m6sL7dLFqc,,com.sec.android.app.shealth,2021-09-26 21:28:00.000,2e5645fe-3d4e-62e8-11ce-99895b5c2d02,
,70.0,0,0,0,0,22,85,0,0,20,0,0,,2,9.0,,49.0,,,10d325f4-83c3-4d71-96bb-ce176401130a.extra_data.json,0,74.0,41,85,2022-01-07 23:17:00.000,,2022-01-08 00:43:08.151,2022-01-08 00:43:04.598,UTC-0800,PkMNM+JAvu,,com.sec.android.app.shealth,2022-01-08 00:42:00.000,10d325f4-83c3-4d71-96bb-ce176401130a,
,66.0,37,37,2,9,31,404,123,1,20,0,0,,2,62.0,,14.0,,,13bfaa42-9b56-479e-8045-af113a519263.extra_data.json,3,92.0,74,404,2022-01-22 15:22:00.000,,2022-01-23 03:27:51.715,2022-01-22 22:21:04.138,UTC+0900,PkMNM+JAvu,,com.sec.android.app.shealth,2022-01-22 22:06:00.000,13bfaa42-9b56-479e-8045-af113a519263,
,65.0,0,0,6,10,24,292,90,1,12,0,0,f4a16ff4-7ad9-40ed-aed8-50751198c173,1,29.0,,19.0,,,49e379c6-cb94-2534-7de2-c9f8b7bf1015.extra_data.json,3,91.0,45,292,2021-10-05 16:20:00.000,,2021-10-05 21:13:02.355,2021-10-05 21:12:58.296,UTC+0900,m6sL7dLFqc,,com.sec.android.app.shealth,2021-10-05 21:12:00.000,49e379c6-cb94-2534-7de2-c9f8b7bf1015,
,57.0,29,49,2,8,33,367,70,2,21,0,0,,2,67.0,,18.0,,,41441ba4-a774-4546-af15-a53aa35aa3f3.extra_data.json,3,91.0,73,367,2022-02-08 17:26:00.000,,2022-02-08 23:36:21.387,2022-02-08 23:36:14.593,UTC+0900,PkMNM+JAvu,,com.sec.android.app.shealth,2022-02-08 23:33:00.000,41441ba4-a774-4546-af15-a53aa35aa3f3,
,80.0,22,22,3,0,10,222,109,0,0,0,0,,1,40.0,,7.0,,,1a159e7a-ec09-df0c-6baf-f512bb721171.extra_data.json,2,95.0,72,222,2021-10-26 17:57:00.000,,2021-10-26 21:41:15.668,2021-10-26 21:41:11.947,UTC+0900,m6sL7dLFqc,,com.sec.android.app.shealth,2021-10-26 21:39:00.000,1a159e7a-ec09-df0c-6baf-f512bb721171,
,75.0,19,19,27,0,27,139,123,0,25,0,0,,3,34.0,,59.0,,,8900c5d3-ba62-4c3b-8ba2-3bb059d61768.extra_data.json,1,80.0,61,139,2022-02-20 15:57:00.000,,2022-02-20 18:16:57.072,2022-02-20 18:16:52.854,UTC+0900,PkMNM+JAvu,,com.sec.android.app.shealth,2022-02-20 18:16:00.000,8900c5d3-ba62-4c3b-8ba2-3bb059d61768,
,49.0,17,17,1,16,17,87,71,1,16,0,0,,1,38.0,,39.0,,,8ec49e59-5128-c2b8-36be-287088f4aec2.extra_data.json,1,80.0,58,87,2021-11-28 10:40:00.000,,2021-11-28 12:23:31.897,2021-11-28 12:23:29.399,UTC+0900,m6sL7dLFqc,,com.sec.android.app.shealth,2021-11-28 12:07:00.000,8ec49e59-5128-c2b8-36be-287088f4aec2,
,0.0,15,15,5,115,127,525,171,2,116,0,0,,1,59.0,,49.0,,,9c505fc7-e0bd-4e70-bfe1-92664d70e33e.extra_data.json,4,75.0,49,525,2021-12-07 16:05:00.000,,2021-12-08 00:50:11.451,2021-12-08 00:50:04.682,UTC+0900,PkMNM+JAvu,,com.sec.android.app.shealth,2021-12-08 00:50:00.000,9c505fc7-e0bd-4e70-bfe1-92664d70e33e,
,70.0,30,36,4,10,50,443,89,1,27,0,0,,2,66.0,,22.0,,,5de61712-f77b-4481-afba-b433040bf8fd.extra_data.json,4,88.0,75,443,2021-12-20 18:20:00.000,,2021-12-21 01:43:23.545,2021-12-21 01:43:15.021,UTC+0900,PkMNM+JAvu,,com.sec.android.app.shealth,2021-12-21 01:43:00.000,5de61712-f77b-4481-afba-b433040bf8fd,
,74.0,13,13,17,6,36,252,113,0,18,0,0,,2,35.0,,36.0,,,d10b0402-8bb4-4a7d-929c-bbde49f8168f.extra_data.json,2,85.0,59,252,2021-12-29 20:53:00.000,,2021-12-30 01:17:22.559,2021-12-30 01:16:56.264,UTC+0900,PkMNM+JAvu,,com.sec.android.app.shealth,2021-12-30 01:05:00.000,d10b0402-8bb4-4a7d-929c-bbde49f8168f,
,64.0,19,52,2,11,43,400,87,1,35,0,0,,2,62.0,,22.0,,,66fe6811-2c4b-4de7-8000-9b8779ec9000.extra_data.json,3,89.0,75,400,2022-01-08 10:22:00.000,,2022-01-08 17:08:49.793,2022-01-08 17:08:42.328,UTC-0800,PkMNM+JAvu,,com.sec.android.app.shealth,2022-01-08 17:02:00.000,66fe6811-2c4b-4de7-8000-9b8779ec9000,
,74.0,8,8,4,1,9,148,98,0,0,0,0,,2,23.0,,10.0,,,e6c16f94-f322-40c0-94b5-91b2a3cc5124.extra_data.json,1,93.0,73,148,2022-01-22 22:46:00.000,,2022-01-23 03:27:51.732,2022-01-23 01:15:56.339,UTC+0900,PkMNM+JAvu,,com.sec.android.app.shealth,2022-01-23 01:14:00.000,e6c16f94-f322-40c0-94b5-91b2a3cc5124,
,58.0,1,1,4,12,16,313,181,1,7,0,0,,2,32.0,,10.0,,,6b95d990-ec6a-402a-a36e-4a9481f04aa9.extra_data.json,2,94.0,53,313,2022-02-09 17:04:00.000,,2022-02-09 22:17:19.867,2022-02-09 22:17:14.511,UTC+0900,PkMNM+JAvu,,com.sec.android.app.shealth,2022-02-09 22:17:00.000,6b95d990-ec6a-402a-a36e-4a9481f04aa9,
,70.0,47,75,0,10,54,496,107,1,37,0,0,,3,82.0,,18.0,,,8ac34859-5664-42cb-82e0-1c899c0c5f12.extra_data.json,4,89.0,81,496,2022-02-21 15:06:00.000,,2022-02-21 23:23:11.014,2022-02-21 23:22:09.506,UTC+0900,PkMNM+JAvu,,com.sec.android.app.shealth,2022-02-21 23:22:00.000,8ac34859-5664-42cb-82e0-1c899c0c5f12,
