com.samsung.shealth.stand_day_summary,6210049,1
stand_time,update_time,create_time,deviceuuid,pkg_name,datauuid,day_time
327680,2020-10-30 09:18:03.299,2020-10-30 06:20:45.191,m6sL7dLFqc,com.sec.android.app.shealth,0a96ca83-f753-bb30-8a78-b38e7ce36c23,1604016000000,
155648,2020-11-05 08:22:27.280,2020-11-04 15:00:09.801,m6sL7dLFqc,com.sec.android.app.shealth,c104a77c-f660-37a7-29f7-276fb332c801,1604534400000,
344064,2020-11-11 09:35:07.308,2020-11-10 15:00:10.617,m6sL7dLFqc,com.sec.android.app.shealth,5d4ff2ac-6fc6-d53b-0b0a-62b08dcf7319,1605052800000,
74752,2020-11-17 07:01:45.630,2020-11-16 15:00:10.859,m6sL7dLFqc,com.sec.android.app.shealth,af4e146f-8fc9-fac8-8842-562862405061,1605571200000,
1136640,2020-11-23 11:01:48.294,2020-11-22 15:00:09.928,m6sL7dLFqc,com.sec.android.app.shealth,45c33761-dbe5-848a-e401-40eb72e8d5d6,1606089600000,
8388608,2020-11-29 14:01:31.281,2020-11-28 15:00:04.921,m6sL7dLFqc,com.sec.android.app.shealth,f9572d5b-43a4-2b7f-8d3f-e8f7c346ccf8,1606608000000,
18432,2020-12-05 05:48:33.309,2020-12-04 15:00:12.629,m6sL7dLFqc,com.sec.android.app.shealth,d9dbb3d2-ff0b-120d-3b5e-8cf418d2fae6,1607126400000,
10240,2020-12-11 04:43:33.643,2020-12-10 15:00:05.566,m6sL7dLFqc,com.sec.android.app.shealth,e80667e1-ccf8-2d54-442a-0972ffe8e703,1607644800000,
3145728,2020-10-31 12:46:58.289,2020-10-30 15:00:12.765,m6sL7dLFqc,com.sec.android.app.shealth,c09dd293-8aee-925c-ac5b-808bb190b1ae,1604102400000,
1179648,2020-12-17 11:34:33.286,2020-12-16 15:00:06.359,m6sL7dLFqc,com.sec.android.app.shealth,ab6bfcea-d7a3-b9ad-d183-a5e2fa0daa78,1608163200000,
8814592,2020-11-06 14:16:07.525,2020-11-05 15:00:22.928,m6sL7dLFqc,com.sec.android.app.shealth,bbf97690-818c-fd0c-f43e-eb1fec0e5a85,1604620800000,
133120,2020-11-12 08:57:07.256,2020-11-11 15:00:06.706,m6sL7dLFqc,com.sec.android.app.shealth,1a8c2f66-4f8c-b388-72ad-200dc710429f,1605139200000,
1138688,2020-11-18 11:08:37.272,2020-11-17 15:00:04.054,m6sL7dLFqc,com.sec.android.app.shealth,f1ee84c7-31a0-653d-4e3c-292dcd980e7a,1605657600000,
139264,2020-11-24 08:13:12.310,2020-11-23 15:00:11.938,m6sL7dLFqc,com.sec.android.app.shealth,e19fb361-d321-7980-d8e6-3bcf7e09cade,1606176000000,
9986048,2020-12-23 14:51:48.572,2020-12-22 15:00:04.310,m6sL7dLFqc,com.sec.android.app.shealth,d72d22a4-ea85-0683-3a0c-bf1b281b63b4,1608681600000,
2181120,2020-11-30 12:22:28.249,2020-11-29 15:00:02.802,m6sL7dLFqc,com.sec.android.app.shealth,ffea1412-a443-8d54-0376-a9d44ad5b10e,1606694400000,
657408,2020-12-29 10:46:37.289,2020-12-28 15:00:16.846,m6sL7dLFqc,com.sec.android.app.shealth,a05c22f8-893b-8c65-d42f-952c99d89a32,1609200000000,
0,2020-12-05 15:00:05.308,2020-12-05 15:00:05.307,m6sL7dLFqc,com.sec.android.app.shealth,f31d5b49-8e7f-6e94-c73e-bedb6bd29b39,1607212800000,
1442304,2020-12-12 11:27:45.295,2020-12-11 15:00:13.784,m6sL7dLFqc,com.sec.android.app.shealth,025e9bc6-dfe2-d175-e51b-bd34aa4fcee6,1607731200000,
8918016,2020-12-18 14:34:43.292,2020-12-17 15:00:05.592,m6sL7dLFqc,com.sec.android.app.shealth,3f8ba66f-50e7-74dd-4276-77e1edc1a084,1608249600000,
2148352,2021-01-04 12:01:13.303,2021-01-03 15:00:09.430,m6sL7dLFqc,com.sec.android.app.shealth,0b4446ad-8f3e-127e-12cd-aeb015b1afad,1609718400000,
0,2020-12-23 15:00:23.605,2020-12-23 15:00:23.605,m6sL7dLFqc,com.sec.android.app.shealth,df07ce8d-4163-20d2-46c7-f37489686dc6,1608768000000,
5316608,2020-12-30 13:05:21.261,2020-12-29 15:00:11.050,m6sL7dLFqc,com.sec.android.app.shealth,8630fde3-becc-225e-2edd-3abd7eacb7a4,1609286400000,
10682368,2021-01-05 14:57:26.314,2021-01-04 15:00:17.423,m6sL7dLFqc,com.sec.android.app.shealth,678e4d7d-d90a-b12f-b63d-35ca1d6261ef,1609804800000,
0,2021-01-09 15:00:09.692,2021-01-09 15:00:09.692,m6sL7dLFqc,com.sec.android.app.shealth,dfcd4c27-b430-646e-9a69-3ccf3b758fd1,1610236800000,
149504,2021-01-11 08:42:56.307,2021-01-10 15:00:03.469,m6sL7dLFqc,com.sec.android.app.shealth,1e4b6c80-0999-0738-cbf6-4d80984186ee,1610323200000,
0,2021-01-16 15:00:05.785,2021-01-16 15:00:05.785,m6sL7dLFqc,com.sec.android.app.shealth,3c4ae381-ac8f-266f-6863-47aed9c13343,1610841600000,
0,2021-01-24 01:33:51.296,2021-01-24 01:33:51.296,m6sL7dLFqc,com.sec.android.app.shealth,ce304718-bd87-748a-b8f9-beed2dcf973f,1611446400000,
262144,2021-01-16 09:28:27.294,2021-01-15 15:00:09.070,m6sL7dLFqc,com.sec.android.app.shealth,8fa1cc04-34fe-27e4-745f-7358d4bc6bd9,1610755200000,
2359297,2021-01-30 12:08:39.273,2021-01-29 15:00:07.068,m6sL7dLFqc,com.sec.android.app.shealth,645deb9c-45b8-ee99-92aa-927c6edd105d,1611964800000,
0,2021-02-04 15:00:21.050,2021-02-04 15:00:21.050,m6sL7dLFqc,com.sec.android.app.shealth,d814bda6-9062-ba47-868a-82a619a55ede,1612483200000,
0,2021-02-10 15:00:10.131,2021-02-10 15:00:10.131,m6sL7dLFqc,com.sec.android.app.shealth,c92bd723-4e78-dd9e-d665-bbd2c0ddc57b,1613001600000,
67584,2021-01-22 07:56:50.334,2021-01-21 15:00:04.340,m6sL7dLFqc,com.sec.android.app.shealth,867f229a-a949-ed60-b3f5-fb092046a646,1611273600000,
9982977,2021-02-17 14:48:58.252,2021-02-16 15:00:08.960,m6sL7dLFqc,com.sec.android.app.shealth,308cf30a-5eaf-5b75-d667-291ce8b88d75,1613520000000,
692225,2021-03-04 10:57:42.253,2021-03-03 15:00:10.824,m6sL7dLFqc,com.sec.android.app.shealth,b7fbb081-6406-0d84-e9bb-012536235b9b,1614816000000,
4793348,2021-03-10 13:24:07.296,2021-03-09 15:00:05.755,m6sL7dLFqc,com.sec.android.app.shealth,eb7a72f5-4a2c-7eac-2b68-044b4c41453d,1615334400000,
0,2021-01-28 15:00:10.784,2021-01-28 15:00:10.783,m6sL7dLFqc,com.sec.android.app.shealth,2bbd9c82-f983-a727-d962-ea5f1c06f5e9,1611878400000,
1135618,2021-03-16 11:38:01.521,2021-03-15 15:00:04.055,m6sL7dLFqc,com.sec.android.app.shealth,e82b1e2d-4f8c-091f-1325-e4bdf69cf15d,1615852800000,
12713984,2021-03-22 14:38:23.314,2021-03-21 15:00:02.789,m6sL7dLFqc,com.sec.android.app.shealth,878fd272-f3b3-b34e-0274-3233429fe535,1616371200000,
0,2021-04-12 07:23:44.843,2021-04-12 07:15:06.595,m6sL7dLFqc,com.sec.android.app.shealth,77fff8f6-1e00-564a-12b4-2f10d76455da,1618185600000,
0,2021-04-17 15:00:08.906,2021-04-17 15:00:08.906,m6sL7dLFqc,com.sec.android.app.shealth,1a749f20-e630-8fee-daa5-e0c7ffbefad0,1618704000000,
98304,2021-04-24 07:29:02.268,2021-04-23 15:00:05.843,m6sL7dLFqc,com.sec.android.app.shealth,2d28d762-9ca2-6cc9-ed5c-218d31443faa,1619222400000,
8192,2021-02-04 04:49:55.593,2021-02-03 15:00:16.799,m6sL7dLFqc,com.sec.android.app.shealth,9eb488cd-5c31-636f-645a-05a531d12480,1612396800000,
2179072,2021-04-30 12:36:23.274,2021-04-29 15:00:21.114,m6sL7dLFqc,com.sec.android.app.shealth,201c60d8-6172-dfbc-f8f3-155da9968291,1619740800000,
327681,2021-05-06 09:53:30.314,2021-05-05 15:00:03.819,m6sL7dLFqc,com.sec.android.app.shealth,466856a7-86fa-b2c6-976f-8b4e97682929,1620259200000,
0,2021-02-09 15:00:05.257,2021-02-09 15:00:05.257,m6sL7dLFqc,com.sec.android.app.shealth,5863f0cc-7ab7-08d3-6812-c29562c9c014,1612915200000,
17408,2021-05-12 05:30:07.561,2021-05-11 15:00:09.795,m6sL7dLFqc,com.sec.android.app.shealth,0fe993c0-32f1-62fe-f1e6-d6f5cdaef89a,1620777600000,
5312512,2021-05-18 13:45:51.302,2021-05-17 15:00:02.866,m6sL7dLFqc,com.sec.android.app.shealth,f32f4a40-180b-4a7f-2d01-0211f555956f,1621296000000,
8425476,2021-05-24 14:42:23.892,2021-05-23 15:00:03.805,m6sL7dLFqc,com.sec.android.app.shealth,7e5fa085-28ef-db03-43dc-6acc542be401,1621814400000,
165888,2021-02-16 08:02:15.277,2021-02-15 15:00:12.664,m6sL7dLFqc,com.sec.android.app.shealth,827850f8-a816-705f-339f-b96437502e23,1613433600000,
32768,2021-05-30 06:07:35.306,2021-05-29 15:00:04.801,m6sL7dLFqc,com.sec.android.app.shealth,bee764f5-6f57-9d64-9bbb-0fdd281a0c95,1622332800000,
0,2021-06-04 15:00:06.364,2021-06-04 15:00:06.364,m6sL7dLFqc,com.sec.android.app.shealth,0557ad6b-31f0-2519-6439-c71dee0267c1,1622851200000,
1048576,2021-06-11 11:19:37.333,2021-06-10 15:00:06.842,m6sL7dLFqc,com.sec.android.app.shealth,9780eaf5-55a8-bd01-4c09-6af2d995562f,1623369600000,
589824,2021-06-17 10:56:26.159,2021-06-16 15:00:09.333,m6sL7dLFqc,com.sec.android.app.shealth,a702066e-bf1e-8466-383f-1fa7272009af,1623888000000,
13664256,2021-03-03 14:29:32.344,2021-03-02 15:00:07.637,m6sL7dLFqc,com.sec.android.app.shealth,65f75d47-655f-7368-7d7b-d902745c0908,1614729600000,
312320,2021-06-23 09:38:30.219,2021-06-22 15:00:06.425,m6sL7dLFqc,com.sec.android.app.shealth,612d144f-95cb-9587-5dff-fa5e96591852,1624406400000,
591872,2021-06-29 10:13:13.350,2021-06-28 15:00:10.187,m6sL7dLFqc,com.sec.android.app.shealth,b90de9e9-022d-5b8c-c746-60fc47f25317,1624924800000,
4718592,2021-07-05 13:12:03.308,2021-07-04 15:00:03.697,m6sL7dLFqc,com.sec.android.app.shealth,b6e56380-21e5-a282-5b7e-dd82babcd8a7,1625443200000,
2376704,2021-03-09 12:19:10.268,2021-03-08 15:00:12.865,m6sL7dLFqc,com.sec.android.app.shealth,e371ae6d-9a2a-e53b-f411-f185048eedf5,1615248000000,
0,2021-07-10 15:00:04.090,2021-07-10 15:00:04.090,m6sL7dLFqc,com.sec.android.app.shealth,55ef73bd-b55b-a1d7-5a0f-b73bca43f73c,1625961600000,
0,2021-07-16 15:00:04.867,2021-07-16 15:00:04.867,m6sL7dLFqc,com.sec.android.app.shealth,9b9bd710-93a4-baf4-861b-dba1389b2ad1,1626480000000,
6815744,2021-03-15 13:11:34.332,2021-03-14 15:00:05.587,m6sL7dLFqc,com.sec.android.app.shealth,6c5f37cd-afe3-518f-96f3-f6068ae4a1e9,1615766400000,
8192,2021-07-23 04:26:58.681,2021-07-22 15:00:13.727,m6sL7dLFqc,com.sec.android.app.shealth,34c22ff4-1f31-af87-8b29-7f11df1d023c,1626998400000,
98304,2021-07-29 07:06:39.663,2021-07-28 15:00:17.969,m6sL7dLFqc,com.sec.android.app.shealth,80177ca0-38e4-c813-ff86-20cfb4d71b39,1627516800000,
540672,2021-08-04 10:36:22.344,2021-08-03 15:00:07.857,m6sL7dLFqc,com.sec.android.app.shealth,f9f50eae-3497-117c-cf00-66cc700b3b7f,1628035200000,
2359296,2021-08-10 12:57:20.305,2021-08-09 15:00:21.296,m6sL7dLFqc,com.sec.android.app.shealth,89897820-1802-3b85-9e59-8e6d18999586,1628553600000,
0,2021-03-20 15:00:02.677,2021-03-20 15:00:02.677,m6sL7dLFqc,com.sec.android.app.shealth,075e9c0a-39b1-b99f-82c5-10215612d6b1,1616284800000,
1251328,2021-08-16 11:01:16.353,2021-08-15 15:00:05.044,m6sL7dLFqc,com.sec.android.app.shealth,1690caec-e9a3-7ee0-ff82-f80aeb925d84,1629072000000,
0,2021-08-21 15:00:05.093,2021-08-21 15:00:05.093,m6sL7dLFqc,com.sec.android.app.shealth,7f02affd-731b-a94c-2ad0-4c617c318b4f,1629590400000,
0,2021-08-27 15:00:12.745,2021-08-27 15:00:12.745,m6sL7dLFqc,com.sec.android.app.shealth,1cead08b-83e6-f3d2-8fd3-3bb043a43c97,1630108800000,
0,2021-03-26 15:00:08.313,2021-03-26 15:00:08.313,m6sL7dLFqc,com.sec.android.app.shealth,95dfbb36-741c-8991-30f2-ffa7712592dd,1616803200000,
2629632,2021-09-03 12:40:46.336,2021-09-02 15:00:13.897,m6sL7dLFqc,com.sec.android.app.shealth,b27f5071-c09c-bd4c-bb02-c584bc996387,1630627200000,
8413184,2021-09-09 14:16:04.287,2021-09-08 15:00:07.913,m6sL7dLFqc,com.sec.android.app.shealth,64acac78-3a2c-efe7-9826-99628baec3ff,1631145600000,
557056,2021-09-15 10:21:04.347,2021-09-14 15:00:07.883,m6sL7dLFqc,com.sec.android.app.shealth,90f4851b-30d1-ddc0-1c8e-e6077342236c,1631664000000,
532480,2021-09-21 10:03:38.344,2021-09-20 15:00:04.986,m6sL7dLFqc,com.sec.android.app.shealth,c78b5c82-414b-5dfc-44e1-70ac259c92fa,1632182400000,
1179648,2021-04-17 11:58:26.278,2021-04-16 15:00:17.167,m6sL7dLFqc,com.sec.android.app.shealth,d2dab968-c83f-dfa3-08d9-fce3476e824f,1618617600000,
149504,2021-09-27 08:18:37.377,2021-09-26 15:00:08.947,m6sL7dLFqc,com.sec.android.app.shealth,e30159c2-bc1c-d902-7dd3-9cc4c707a3cf,1632700800000,
2621824,2021-10-03 12:12:54.229,2021-10-02 15:00:07.943,m6sL7dLFqc,com.sec.android.app.shealth,d759ec35-0bac-eed9-3536-ec0207693a5a,1633219200000,
294912,2021-10-09 09:57:14.324,2021-10-08 15:00:10.783,m6sL7dLFqc,com.sec.android.app.shealth,97dd5499-476c-cbac-3920-378639382635,1633737600000,
10758656,2021-10-15 14:01:42.295,2021-10-14 15:00:12.004,m6sL7dLFqc,com.sec.android.app.shealth,8a197aaf-e0c5-e66b-cb22-5855f1db6307,1634256000000,
40960,2021-04-23 06:58:57.571,2021-04-22 15:00:11.571,m6sL7dLFqc,com.sec.android.app.shealth,c3f6adb3-7f80-57c4-8452-559d6b024cb6,1619136000000,
5120,2021-10-21 03:27:29.320,2021-10-20 15:00:11.001,m6sL7dLFqc,com.sec.android.app.shealth,0e065c08-a811-61a3-1192-7a4ea55f7a62,1634774400000,
2113536,2021-10-27 12:43:55.289,2021-10-26 15:00:08.042,m6sL7dLFqc,com.sec.android.app.shealth,4c769611-e69e-6fea-7f1b-9549d90b1d7f,1635292800000,
65536,2021-11-02 07:42:52.627,2021-11-01 15:00:05.175,m6sL7dLFqc,com.sec.android.app.shealth,3f419693-a930-3196-0100-989617278e9b,1635811200000,
9453568,2021-04-29 14:15:44.256,2021-04-28 15:00:07.543,m6sL7dLFqc,com.sec.android.app.shealth,deab0640-956d-e179-d0d9-67592eb87f43,1619654400000,
2383872,2021-11-08 12:49:49.327,2021-11-07 15:00:07.947,m6sL7dLFqc,com.sec.android.app.shealth,910447bb-84c9-acc1-dc46-7abac7b75269,1636329600000,
26,2021-11-13 19:22:12.286,2021-11-13 15:00:07.745,m6sL7dLFqc,com.sec.android.app.shealth,d2970c1d-5aac-5902-65fa-66a5ad8f146b,1636848000000,
0,2021-11-20 15:00:12.742,2021-11-20 15:00:12.742,m6sL7dLFqc,com.sec.android.app.shealth,0f56e215-ef1b-1187-83b9-7e2dd9cc6853,1637452800000,
0,2021-11-26 15:00:06.022,2021-11-26 15:00:06.022,m6sL7dLFqc,com.sec.android.app.shealth,917bafe8-7afb-1925-98a4-a73e7b596bae,1637971200000,
135168,2021-05-05 08:12:28.288,2021-05-04 15:00:05.010,m6sL7dLFqc,com.sec.android.app.shealth,ea811b77-c8ad-30f0-ce82-fb8950ed1ddd,1620172800000,
270336,2021-12-03 09:14:10.304,2021-12-02 15:00:07.895,m6sL7dLFqc,com.sec.android.app.shealth,59fa5ea4-097a-46af-60c4-92f106a90b47,1638489600000,
2921472,2020-11-01 13:28:52.363,2020-10-31 15:00:06.071,m6sL7dLFqc,com.sec.android.app.shealth,ef32c6fb-0bc6-26e3-91d8-446d39e8d1f7,1604188800000,
9703424,2020-11-07 14:42:08.356,2020-11-06 15:00:09.638,m6sL7dLFqc,com.sec.android.app.shealth,a26793ea-2196-84c4-707e-926c79ddc347,1604707200000,
1458176,2021-05-11 11:19:50.316,2021-05-10 15:00:06.362,m6sL7dLFqc,com.sec.android.app.shealth,93304fbb-8e32-2b91-4d10-62bcb4f23ebe,1620691200000,
1024,2020-11-13 01:54:32.363,2020-11-12 15:00:08.045,m6sL7dLFqc,com.sec.android.app.shealth,d7ed3ad0-7962-0d14-c6f1-4bc4696158a8,1605225600000,
272384,2020-11-19 09:55:28.276,2020-11-18 15:00:07.774,m6sL7dLFqc,com.sec.android.app.shealth,82f078c2-fe92-4a0f-70be-ff7759148654,1605744000000,
135168,2020-11-25 08:11:52.163,2020-11-24 15:00:11.402,m6sL7dLFqc,com.sec.android.app.shealth,11b8f89d-4f97-1f2f-8bf4-8d52dd578285,1606262400000,
1442816,2020-12-01 11:34:43.262,2020-11-30 15:00:11.794,m6sL7dLFqc,com.sec.android.app.shealth,83a34a6c-cf54-eb2f-56e4-74a705deae8d,1606780800000,
1179648,2021-05-17 11:48:56.224,2021-05-16 15:00:11.215,m6sL7dLFqc,com.sec.android.app.shealth,061b9c00-470a-0b9d-f443-2875e218575a,1621209600000,
1183744,2020-12-07 11:43:50.291,2020-12-06 15:00:04.664,m6sL7dLFqc,com.sec.android.app.shealth,5b708297-0a97-5594-5636-afce0ce4878a,1607299200000,
73728,2020-12-13 07:41:45.305,2020-12-12 15:00:14.769,m6sL7dLFqc,com.sec.android.app.shealth,949b044c-6731-b7d7-6025-9a1eaf3b8e54,1607817600000,
1,2020-12-18 15:56:42.612,2020-12-18 15:00:14.190,m6sL7dLFqc,com.sec.android.app.shealth,88ec01f7-10d3-0547-05d2-2428ede67d74,1608336000000,
4227072,2020-12-25 13:49:16.257,2020-12-24 15:00:10.174,m6sL7dLFqc,com.sec.android.app.shealth,35a8a4c4-61b2-6182-ca01-b16df954a243,1608854400000,
294912,2021-05-23 09:29:49.309,2021-05-22 15:00:04.701,m6sL7dLFqc,com.sec.android.app.shealth,b8fae61f-e560-ab81-ee38-933dcda4e5bd,1621728000000,
0,2020-12-30 15:00:15.124,2020-12-30 15:00:15.124,m6sL7dLFqc,com.sec.android.app.shealth,7bf81a35-35b3-c361-f919-bee6e7de9df3,1609372800000,
532482,2021-05-29 10:03:32.292,2021-05-28 15:00:06.941,m6sL7dLFqc,com.sec.android.app.shealth,575d7404-2976-fa8a-e4e4-fa2b9f8c36bd,1622246400000,
5128192,2021-06-04 13:41:58.297,2021-06-03 15:00:10.783,m6sL7dLFqc,com.sec.android.app.shealth,ffc11d8e-4ccd-36af-d59c-7f95a47dd305,1622764800000,
2163712,2021-01-06 12:38:46.250,2021-01-05 15:00:05.923,m6sL7dLFqc,com.sec.android.app.shealth,bb8f7fc1-802b-7df8-eda2-acfb73765f1d,1609891200000,
51200,2021-01-12 06:47:06.567,2021-01-11 15:00:04.377,m6sL7dLFqc,com.sec.android.app.shealth,470e10eb-d2e5-50de-0285-d3822f9fd16e,1610409600000,
13312,2021-01-18 04:37:19.601,2021-01-17 15:00:07.881,m6sL7dLFqc,com.sec.android.app.shealth,728840dd-8550-bddf-ea1a-2bc169b49069,1610928000000,
672768,2021-06-10 10:42:29.304,2021-06-09 15:00:06.800,m6sL7dLFqc,com.sec.android.app.shealth,427f7f3f-f2d1-b06b-aa4f-b807d8fe5340,1623283200000,
2393088,2021-01-25 12:01:52.301,2021-01-24 15:00:03.706,m6sL7dLFqc,com.sec.android.app.shealth,7a3eab72-6c20-90da-388a-5108ecb92392,1611532800000,
0,2021-01-30 15:00:07.383,2021-01-30 15:00:07.383,m6sL7dLFqc,com.sec.android.app.shealth,3fb7a7e1-6640-b26f-23a2-23971cb6ce08,1612051200000,
1318912,2021-06-16 11:04:43.296,2021-06-15 15:00:08.207,m6sL7dLFqc,com.sec.android.app.shealth,5b096032-b5b6-cc70-ff28-7751bcd0781e,1623801600000,
0,2021-02-05 15:00:17.687,2021-02-05 15:00:17.686,m6sL7dLFqc,com.sec.android.app.shealth,a32fbbf2-3d03-fb2b-b705-d0d6f08cd759,1612569600000,
1048576,2021-02-12 13:35:21.533,2021-02-11 15:00:02.894,m6sL7dLFqc,com.sec.android.app.shealth,d7e43d39-16ee-1e0a-7545-92c8067b9fc5,1613088000000,
6604800,2021-02-18 13:40:25.068,2021-02-17 15:00:04.700,m6sL7dLFqc,com.sec.android.app.shealth,32f7ece6-1055-cfa7-a0a4-20ffdadec844,1613606400000,
5382144,2021-03-05 13:23:05.256,2021-03-04 15:00:08.820,m6sL7dLFqc,com.sec.android.app.shealth,d0ddef55-d82e-79fa-7f5a-e1c488fc25da,1614902400000,
149504,2021-06-22 08:16:51.279,2021-06-21 15:00:11.984,m6sL7dLFqc,com.sec.android.app.shealth,5a153aef-5ec3-6bae-174a-08b147bc4ae4,1624320000000,
6582274,2021-03-11 13:24:59.247,2021-03-10 15:00:10.978,m6sL7dLFqc,com.sec.android.app.shealth,7c0f9e7a-277b-3102-a441-0def0e42bc97,1615420800000,
0,2021-03-16 15:00:11.939,2021-03-16 15:00:11.939,m6sL7dLFqc,com.sec.android.app.shealth,230d8e8f-ec98-55a7-df48-28954b7753db,1615939200000,
340992,2021-03-23 09:17:03.537,2021-03-22 15:00:24.215,m6sL7dLFqc,com.sec.android.app.shealth,334241ce-8506-7442-2898-26ccf60e07d9,1616457600000,
8388608,2021-04-13 14:45:55.835,2021-04-12 15:00:11.637,m6sL7dLFqc,com.sec.android.app.shealth,7ac14376-33b2-bf3a-9f2c-25e7cc76fb3f,1618272000000,
1212416,2021-06-28 11:44:03.327,2021-06-27 15:00:07.929,m6sL7dLFqc,com.sec.android.app.shealth,9884dcba-8809-d7e7-2ae6-7682d0ea5507,1624838400000,
9027584,2021-04-19 14:43:37.507,2021-04-19 01:50:44.240,m6sL7dLFqc,com.sec.android.app.shealth,c21d6c9b-4b23-db74-4b41-2191fe68162c,1618790400000,
163840,2021-04-25 08:31:28.268,2021-04-24 15:00:05.897,m6sL7dLFqc,com.sec.android.app.shealth,49a8181b-d12d-0646-e977-ad49b5b64aae,1619308800000,
425984,2021-05-01 09:32:41.252,2021-04-30 15:00:08.982,m6sL7dLFqc,com.sec.android.app.shealth,ab20b735-c1fc-addb-4339-d649fe0ba50d,1619827200000,
8389632,2021-05-07 14:04:04.321,2021-05-06 15:00:03.746,m6sL7dLFqc,com.sec.android.app.shealth,f3f8751b-39f0-7309-f697-437a78292f9f,1620345600000,
0,2021-07-03 15:00:05.843,2021-07-03 15:00:05.842,m6sL7dLFqc,com.sec.android.app.shealth,38f4af37-b4ab-dbab-9be0-2474343fb033,1625356800000,
332800,2021-05-13 14:36:55.383,2021-05-12 15:00:06.780,m6sL7dLFqc,com.sec.android.app.shealth,1e006c80-e28e-7835-e7dd-8d2523e429d7,1620864000000,
2494464,2021-05-19 12:01:26.317,2021-05-18 15:00:03.711,m6sL7dLFqc,com.sec.android.app.shealth,c43c456b-e848-0066-bf7e-5118bda4011c,1621382400000,
4499456,2021-05-25 13:21:24.326,2021-05-24 15:00:13.873,m6sL7dLFqc,com.sec.android.app.shealth,8205b365-8717-2d8d-fab3-a57cf359f444,1621900800000,
0,2021-07-09 15:00:10.028,2021-07-09 15:00:10.028,m6sL7dLFqc,com.sec.android.app.shealth,e9a55c50-344b-62a5-3a6e-ff0b970453be,1625875200000,
73729,2021-05-31 07:08:26.581,2021-05-30 15:00:05.839,m6sL7dLFqc,com.sec.android.app.shealth,57c195f8-56c8-e446-da89-846c53fe45ac,1622419200000,
0,2021-06-05 15:00:07.161,2021-06-05 15:00:07.161,m6sL7dLFqc,com.sec.android.app.shealth,ca0696b3-9162-b216-8893-5069c825b20d,1622937600000,
4096,2021-06-12 03:26:54.271,2021-06-11 15:00:05.965,m6sL7dLFqc,com.sec.android.app.shealth,0692bf1c-b5c0-75ae-776f-4cfaa29c1fc0,1623456000000,
83968,2021-06-18 07:16:47.677,2021-06-17 15:00:10.954,m6sL7dLFqc,com.sec.android.app.shealth,83e7c134-6cc2-8a97-c21f-6a6d28e96dac,1623974400000,
32768,2021-07-16 06:24:33.625,2021-07-15 15:00:07.916,m6sL7dLFqc,com.sec.android.app.shealth,d1efd1be-2d12-1561-9158-571bd5e6a69c,1626393600000,
1335296,2021-06-24 11:09:35.142,2021-06-23 15:00:03.288,m6sL7dLFqc,com.sec.android.app.shealth,80208928-56ca-0b4e-5eb0-effbf0aa41fd,1624492800000,
2359296,2021-06-30 12:38:29.684,2021-06-29 15:00:11.237,m6sL7dLFqc,com.sec.android.app.shealth,d311bdc1-12e0-3b95-8945-f07d811f207c,1625011200000,
18432,2021-07-06 05:30:19.893,2021-07-05 15:00:14.150,m6sL7dLFqc,com.sec.android.app.shealth,27f436cb-5871-dcf3-9c85-a7cbf9c0a42e,1625529600000,
550912,2021-07-22 10:56:24.268,2021-07-21 15:00:11.058,m6sL7dLFqc,com.sec.android.app.shealth,b99a66ec-17e3-c956-fe3e-275632ae99ec,1626912000000,
2162688,2021-07-12 12:07:09.102,2021-07-11 15:00:01.648,m6sL7dLFqc,com.sec.android.app.shealth,c380a543-ccf5-11ca-7412-2fe7e7698d03,1626048000000,
528384,2021-07-18 10:47:24.856,2021-07-17 15:00:03.844,m6sL7dLFqc,com.sec.android.app.shealth,f4fdd0c4-d286-b817-4da0-6015ea81e61e,1626566400000,
0,2021-07-23 15:00:09.755,2021-07-23 15:00:09.755,m6sL7dLFqc,com.sec.android.app.shealth,136d73b0-e0be-61df-2c48-8c0b22a9f88e,1627084800000,
264192,2021-07-28 09:44:35.317,2021-07-27 15:00:11.796,m6sL7dLFqc,com.sec.android.app.shealth,54358b41-5c43-84c0-3de2-e0f3f909db27,1627430400000,
4792320,2021-07-30 13:45:50.340,2021-07-29 15:00:14.047,m6sL7dLFqc,com.sec.android.app.shealth,00d991c2-07c4-acf7-84c7-bf30804eccfa,1627603200000,
328704,2021-08-03 09:41:55.323,2021-08-02 15:00:08.816,m6sL7dLFqc,com.sec.android.app.shealth,b46d295e-45e9-322f-143f-73d5bf52b0c9,1627948800000,
136192,2021-08-05 08:02:52.357,2021-08-04 15:00:08.876,m6sL7dLFqc,com.sec.android.app.shealth,b7e8b8cd-bc93-9661-f6ae-7b54565628c9,1628121600000,
2129920,2021-08-09 12:05:06.313,2021-08-08 15:00:04.378,m6sL7dLFqc,com.sec.android.app.shealth,e8e35394-e0a8-f904-82c5-7ecc83c4d147,1628467200000,
67584,2021-08-11 07:25:39.569,2021-08-10 15:00:13.892,m6sL7dLFqc,com.sec.android.app.shealth,7432a69b-18a4-3ad9-f475-6297f6dee3a9,1628640000000,
0,2021-08-14 15:00:14.056,2021-08-14 15:00:14.056,m6sL7dLFqc,com.sec.android.app.shealth,98bf5faa-ccdb-5be8-c30a-f3bc94cf55a7,1628985600000,
1579011,2021-08-17 11:10:53.413,2021-08-16 15:00:09.064,m6sL7dLFqc,com.sec.android.app.shealth,ab71172f-6b8d-dabf-1b67-91ea272644c9,1629158400000,
0,2021-08-20 15:00:10.894,2021-08-20 15:00:10.894,m6sL7dLFqc,com.sec.android.app.shealth,5e452748-71ab-598d-0bbe-b716225ee4a9,1629504000000,
295936,2021-08-23 09:00:07.271,2021-08-22 15:00:03.920,m6sL7dLFqc,com.sec.android.app.shealth,bfa89805-927a-67d0-a3ca-e4c0c6ecea8f,1629676800000,
16384,2021-08-27 05:21:12.692,2021-08-26 15:00:06.718,m6sL7dLFqc,com.sec.android.app.shealth,969fba3c-a45b-7234-cc9d-ebe5c2dac080,1630022400000,
4292608,2021-09-02 13:34:43.323,2021-09-01 15:00:12.874,m6sL7dLFqc,com.sec.android.app.shealth,5a4c49f4-4f13-e2d6-2a47-77cfa04bfe38,1630540800000,
49152,2021-08-29 06:56:40.310,2021-08-28 15:00:05.985,m6sL7dLFqc,com.sec.android.app.shealth,a1498480-92a0-3181-21ff-68573ba40bd7,1630195200000,
136192,2021-09-08 08:39:32.290,2021-09-07 15:00:04.006,m6sL7dLFqc,com.sec.android.app.shealth,ec03ff90-3e6e-316d-8469-1ca0f0bbac9e,1631059200000,
0,2021-09-03 15:00:09.068,2021-09-03 15:00:09.068,m6sL7dLFqc,com.sec.android.app.shealth,7314d78a-edb4-dd8c-e9e5-37f98e4a3894,1630713600000,
1394688,2021-09-14 11:04:35.264,2021-09-13 15:00:18.405,m6sL7dLFqc,com.sec.android.app.shealth,3d2a6a27-a1fb-7673-49f3-2dd300867d7c,1631577600000,
9961472,2021-09-20 14:47:29.272,2021-09-19 15:00:10.048,m6sL7dLFqc,com.sec.android.app.shealth,838e71a0-0fac-80bd-849c-e8e307ec9a47,1632096000000,
40961,2021-09-10 06:49:22.849,2021-09-09 15:00:27.959,m6sL7dLFqc,com.sec.android.app.shealth,cec5fb0e-6947-3713-712e-964507c626f6,1631232000000,
0,2021-09-25 15:00:03.837,2021-09-25 15:00:03.837,m6sL7dLFqc,com.sec.android.app.shealth,3fd11599-d349-5ed9-d519-3d9c9771be99,1632614400000,
286722,2021-09-16 11:22:08.104,2021-09-15 15:00:12.971,m6sL7dLFqc,com.sec.android.app.shealth,1ec63abb-d5f8-adc4-2558-0378603333cf,1631750400000,
0,2021-10-01 15:00:05.763,2021-10-01 15:00:05.763,m6sL7dLFqc,com.sec.android.app.shealth,7e359754-1292-b6c5-7280-310ab7389cd4,1633132800000,
554,2021-10-08 00:16:55.607,2021-10-07 15:00:03.533,m6sL7dLFqc,com.sec.android.app.shealth,c37db4ac-319a-61df-8a06-75b574d44824,1633651200000,
32768,2021-09-22 06:54:58.742,2021-09-21 15:00:03.921,m6sL7dLFqc,com.sec.android.app.shealth,d6c3468e-15a2-d773-f4e7-7dedad97514e,1632268800000,
9507840,2021-10-14 14:44:06.272,2021-10-13 15:00:03.873,m6sL7dLFqc,com.sec.android.app.shealth,bfdb0e0b-894a-6ef1-15e9-6e9788273675,1634169600000,
16384,2021-09-28 05:52:13.628,2021-09-27 15:00:05.918,m6sL7dLFqc,com.sec.android.app.shealth,445fe864-d754-8729-25f2-15385c043cb8,1632787200000,
4521984,2021-10-04 13:24:04.324,2021-10-03 15:00:07.092,m6sL7dLFqc,com.sec.android.app.shealth,afe49060-95ad-0c16-8fe9-b34e1e260480,1633305600000,
16512,2021-10-20 05:36:49.606,2021-10-19 15:00:04.850,m6sL7dLFqc,com.sec.android.app.shealth,b374d2a5-8f62-6566-679e-8254505a6e79,1634688000000,
8912900,2021-10-10 14:09:11.335,2021-10-09 15:00:10.116,m6sL7dLFqc,com.sec.android.app.shealth,94fe9a79-881c-25ce-662d-07b266f7d476,1633824000000,
2097152,2021-10-26 12:40:06.285,2021-10-25 15:00:01.471,m6sL7dLFqc,com.sec.android.app.shealth,54fca53d-f8fe-75a9-0063-da1584c77eea,1635206400000,
9895936,2021-11-01 14:04:55.921,2021-10-31 15:00:04.982,m6sL7dLFqc,com.sec.android.app.shealth,7aaa1601-9131-d0de-3dbe-c119a14f8eb2,1635724800000,
2048,2021-10-16 02:41:57.254,2021-10-15 15:00:09.028,m6sL7dLFqc,com.sec.android.app.shealth,9e86a0cf-a7ff-02e5-0ae8-f5bb93e3714c,1634342400000,
10502144,2021-11-07 14:04:01.311,2021-11-06 15:00:04.985,m6sL7dLFqc,com.sec.android.app.shealth,a92825ca-7db1-6086-bcf7-2319887987df,1636243200000,
4096,2021-10-22 03:20:23.610,2021-10-21 15:00:13.636,m6sL7dLFqc,com.sec.android.app.shealth,1fe78f93-ae54-de39-1035-60017c984722,1634860800000,
11534336,2021-11-13 14:11:09.251,2021-11-12 15:00:04.806,m6sL7dLFqc,com.sec.android.app.shealth,d48dff70-6aea-8671-6b89-2cd704d4462a,1636761600000,
0,2021-11-19 21:23:50.063,2021-11-19 20:08:40.991,m6sL7dLFqc,com.sec.android.app.shealth,60ab24a2-94a9-43ac-9a93-85940813bc33,1637366400000,
2162688,2021-10-28 12:55:54.323,2021-10-27 15:00:05.002,m6sL7dLFqc,com.sec.android.app.shealth,e232f090-cba4-80f5-3301-67a68483cb27,1635379200000,
0,2021-11-25 15:00:03.770,2021-11-25 15:00:03.770,m6sL7dLFqc,com.sec.android.app.shealth,541bfabe-a80e-c670-8bc1-a2febe96e83c,1637884800000,
8716289,2021-11-03 14:22:19.100,2021-11-02 15:00:04.226,m6sL7dLFqc,com.sec.android.app.shealth,d45be3ae-ea2c-1505-0d98-72827c6acf51,1635897600000,
4390912,2021-11-09 13:24:31.302,2021-11-08 15:00:11.866,m6sL7dLFqc,com.sec.android.app.shealth,f9b7d48c-08a2-1b37-76fd-cb7ac68827c6,1636416000000,
0,2021-11-14 15:00:08.009,2021-11-14 15:00:08.009,m6sL7dLFqc,com.sec.android.app.shealth,17f40422-4cd2-40ec-6851-af191f338729,1636934400000,
0,2021-11-21 15:00:06.668,2021-11-21 15:00:06.668,m6sL7dLFqc,com.sec.android.app.shealth,cc385b66-8475-9d70-370f-addc942928d3,1637539200000,
524288,2021-11-28 10:12:42.357,2021-11-27 15:00:08.213,m6sL7dLFqc,com.sec.android.app.shealth,43b06e55-8e25-9caa-70eb-d8b375d9171a,1638057600000,
1088512,2020-11-02 11:11:49.331,2020-11-01 15:00:05.800,m6sL7dLFqc,com.sec.android.app.shealth,d2489fec-5bc5-ec5b-9df1-60d00e366bf0,1604275200000,
286720,2021-12-02 09:49:21.920,2021-12-01 15:00:07.864,m6sL7dLFqc,com.sec.android.app.shealth,ba529ae9-d7b6-49c9-0849-5db5e579b26b,1638403200000,
1638400,2020-11-08 11:43:45.624,2020-11-07 15:00:03.804,m6sL7dLFqc,com.sec.android.app.shealth,8754e8e1-c2c4-b0f5-b3cc-e91dcd4dacc7,1604793600000,
1280000,2020-11-03 11:22:10.269,2020-11-02 15:00:04.566,m6sL7dLFqc,com.sec.android.app.shealth,349210cc-04b9-259b-8160-d98ece067a36,1604361600000,
1310720,2020-11-14 11:50:35.304,2020-11-13 15:00:12.871,m6sL7dLFqc,com.sec.android.app.shealth,9c8316ce-937a-dacd-d916-c2f4e3854c05,1605312000000,
1353728,2020-11-09 11:27:23.262,2020-11-08 15:00:06.897,m6sL7dLFqc,com.sec.android.app.shealth,72e521e0-5572-18c2-64d9-e90dec955c44,1604880000000,
2097152,2020-11-15 12:44:25.293,2020-11-14 15:00:19.002,m6sL7dLFqc,com.sec.android.app.shealth,e6d85b85-0e2d-17b9-c468-ace3006d262f,1605398400000,
305152,2020-11-20 09:04:27.304,2020-11-19 15:00:05.375,m6sL7dLFqc,com.sec.android.app.shealth,b6eb3ef7-afdb-b3c3-b052-9b1c1442fb83,1605830400000,
2228224,2020-11-21 12:50:55.270,2020-11-20 15:00:07.873,m6sL7dLFqc,com.sec.android.app.shealth,dd214e0e-3993-b12f-ceb8-685c3d9ec373,1605916800000,
1181696,2020-11-26 11:37:38.300,2020-11-25 15:00:13.734,m6sL7dLFqc,com.sec.android.app.shealth,d501c5d3-0ae1-8432-1b92-a734225596f5,1606348800000,
2176000,2020-11-27 12:02:55.651,2020-11-26 15:00:16.272,m6sL7dLFqc,com.sec.android.app.shealth,d9d19022-1b22-9276-24a0-8cecf8745847,1606435200000,
0,2020-12-02 15:00:11.312,2020-12-02 15:00:11.312,m6sL7dLFqc,com.sec.android.app.shealth,59e5795a-6577-4fc1-164d-c080ed5a2d14,1606953600000,
3475456,2020-12-02 12:20:18.282,2020-12-01 15:00:03.359,m6sL7dLFqc,com.sec.android.app.shealth,544a4240-118b-698d-389c-983ce44b79e9,1606867200000,
589824,2020-12-09 10:25:21.262,2020-12-08 15:00:05.768,m6sL7dLFqc,com.sec.android.app.shealth,6f25b2fd-866d-c8f7-4ece-03ae2c8d03a7,1607472000000,
3394560,2020-12-08 12:14:14.238,2020-12-07 15:00:12.857,m6sL7dLFqc,com.sec.android.app.shealth,a9c05850-fa04-f894-bffe-59325665217c,1607385600000,
4751360,2020-12-15 13:17:08.288,2020-12-14 15:00:05.006,m6sL7dLFqc,com.sec.android.app.shealth,c08bb995-86d5-2b8e-3701-c6c8347da793,1607990400000,
0,2020-12-20 15:00:09.798,2020-12-20 15:00:09.798,m6sL7dLFqc,com.sec.android.app.shealth,7097a83b-b695-d16d-d4e1-db88d8c2e86a,1608508800000,
1,2020-12-13 15:28:27.284,2020-12-13 15:00:10.879,m6sL7dLFqc,com.sec.android.app.shealth,42023539-314c-5561-43b9-6d04cdfb97b3,1607904000000,
2359296,2020-12-27 12:38:41.292,2020-12-26 15:00:03.676,m6sL7dLFqc,com.sec.android.app.shealth,73794cfa-75bb-d695-9bf7-7616c9998b18,1609027200000,
0,2020-12-19 15:00:12.765,2020-12-19 15:00:12.765,m6sL7dLFqc,com.sec.android.app.shealth,bf72ed95-57eb-c891-39a4-83d417f12921,1608422400000,
8486912,2021-01-02 14:04:54.260,2021-01-01 15:00:03.724,m6sL7dLFqc,com.sec.android.app.shealth,02522800-dc23-634e-48fa-76d95259b53e,1609545600000,
24577,2020-12-26 05:42:47.255,2020-12-25 15:00:03.559,m6sL7dLFqc,com.sec.android.app.shealth,a3a58ea8-fd85-fe79-8230-cb03b9c194ab,1608940800000,
43008,2021-01-08 06:03:05.700,2021-01-07 15:00:19.449,m6sL7dLFqc,com.sec.android.app.shealth,f35eec31-0cb8-7edc-e1ac-91f3a8b0a74a,1610064000000,
3072,2021-01-14 02:22:43.360,2021-01-13 15:15:32.666,m6sL7dLFqc,com.sec.android.app.shealth,dd6f9b33-8597-7847-ee3e-3eb64b2d5d74,1610582400000,
0,2020-12-31 15:00:07.136,2020-12-31 15:00:07.136,m6sL7dLFqc,com.sec.android.app.shealth,d4c78ae8-dece-e52b-092a-d6640e90406c,1609459200000,
655360,2021-01-20 10:16:49.300,2021-01-19 15:00:02.611,m6sL7dLFqc,com.sec.android.app.shealth,1ba5d80f-e4b3-4b22-7864-7820f64441c0,1611100800000,
9472000,2021-01-07 14:10:16.280,2021-01-06 15:00:03.756,m6sL7dLFqc,com.sec.android.app.shealth,0dec4d3e-1ed8-a691-8d9d-26ed94a5114f,1609977600000,
1213442,2021-01-27 11:18:10.233,2021-01-26 15:00:04.922,m6sL7dLFqc,com.sec.android.app.shealth,1d2c34c9-4bb3-fa24-55e5-68fd9ceac4b3,1611705600000,
9995264,2021-02-02 14:51:32.287,2021-02-01 15:00:23.523,m6sL7dLFqc,com.sec.android.app.shealth,6914b0fe-2b1b-fe07-d210-21b3b0012a61,1612224000000,
0,2021-01-12 15:00:04.426,2021-01-12 15:00:04.426,m6sL7dLFqc,com.sec.android.app.shealth,e0fab4c2-b1fc-c332-02c4-5d94718f9f2c,1610496000000,
2176001,2021-02-08 12:57:26.291,2021-02-07 15:00:13.356,m6sL7dLFqc,com.sec.android.app.shealth,b5b4790b-0e5d-3d1f-75fb-52d67ff31f5f,1612742400000,
1703936,2021-01-19 11:03:22.338,2021-01-18 15:00:03.986,m6sL7dLFqc,com.sec.android.app.shealth,d707e711-f656-2752-a6d1-0149a9a228d9,1611014400000,
0,2021-02-13 15:00:10.891,2021-02-13 15:00:10.890,m6sL7dLFqc,com.sec.android.app.shealth,2666a501-23a6-b3e1-d32a-75647881e545,1613260800000,
0,2021-02-19 15:00:04.675,2021-02-19 15:00:04.675,m6sL7dLFqc,com.sec.android.app.shealth,2bf360ab-409f-729a-2a67-e40fbe67965e,1613779200000,
11160576,2021-01-26 14:27:49.247,2021-01-25 15:00:12.704,m6sL7dLFqc,com.sec.android.app.shealth,5b6596aa-18c2-edbc-d812-df42d6ba881a,1611619200000,
0,2021-03-06 15:00:03.872,2021-03-06 15:00:03.872,m6sL7dLFqc,com.sec.android.app.shealth,86437cfb-0be0-55b8-266e-4eb55b9c9b4c,1615075200000,
3407872,2021-02-01 12:04:50.340,2021-01-31 15:00:04.419,m6sL7dLFqc,com.sec.android.app.shealth,a44fb540-18a9-b37a-e0c7-a9506b9cd0c7,1612137600000,
286720,2021-03-13 09:36:58.257,2021-03-12 15:00:09.069,m6sL7dLFqc,com.sec.android.app.shealth,b923ef07-3268-4fce-3865-7ba687a5f17e,1615593600000,
4196608,2021-02-07 13:32:18.339,2021-02-06 15:00:04.436,m6sL7dLFqc,com.sec.android.app.shealth,dfa7acb3-1b44-a25f-f979-79914536b052,1612656000000,
3538944,2021-03-19 12:35:01.690,2021-03-18 15:00:10.995,m6sL7dLFqc,com.sec.android.app.shealth,4e2e781c-b378-af01-ec37-926b1033426d,1616112000000,
0,2021-02-12 15:00:04.714,2021-02-12 15:00:04.714,m6sL7dLFqc,com.sec.android.app.shealth,a8e5feec-c686-dae2-6373-668fe589a644,1613174400000,
2164736,2021-03-25 12:08:27.278,2021-03-24 15:00:02.814,m6sL7dLFqc,com.sec.android.app.shealth,89dfde2d-b2a2-59bc-2cad-ce74ed5e9a4c,1616630400000,
0,2021-02-18 15:00:11.879,2021-02-18 15:00:11.879,m6sL7dLFqc,com.sec.android.app.shealth,5b90d5e1-9d11-b3bf-94a1-f6637b8fe5bc,1613692800000,
9502722,2021-04-15 14:31:12.251,2021-04-14 15:00:12.014,m6sL7dLFqc,com.sec.android.app.shealth,35be127d-3690-5cd3-210e-bba9d33a2091,1618444800000,
5804032,2021-04-21 13:36:03.532,2021-04-20 15:00:06.785,m6sL7dLFqc,com.sec.android.app.shealth,1b5f9316-2f21-8097-41b1-93a8938725ad,1618963200000,
32772,2021-03-06 06:21:04.356,2021-03-05 15:00:11.201,m6sL7dLFqc,com.sec.android.app.shealth,ae4a7137-db6b-fb23-e630-4cde2ed0279f,1614988800000,
8398849,2021-04-27 14:37:15.672,2021-04-26 15:00:06.914,m6sL7dLFqc,com.sec.android.app.shealth,42499a41-5335-cd4a-5337-398e443397e0,1619481600000,
1216512,2021-03-12 11:32:06.323,2021-03-11 15:00:09.027,m6sL7dLFqc,com.sec.android.app.shealth,922e60ea-fc8c-7598-367f-59e85652f3f3,1615507200000,
4882432,2021-05-03 13:49:45.283,2021-05-02 15:00:06.657,m6sL7dLFqc,com.sec.android.app.shealth,43e20329-4499-3292-0473-76a136ab31e8,1620000000000,
4198400,2021-05-09 13:42:53.281,2021-05-08 15:00:15.253,m6sL7dLFqc,com.sec.android.app.shealth,57caa0e7-0acd-5e31-3d9a-34baea565062,1620518400000,
4784128,2021-03-18 13:24:32.277,2021-03-17 15:00:06.800,m6sL7dLFqc,com.sec.android.app.shealth,792f55d0-ec08-8e56-7ec0-f2d47527606e,1616025600000,
2621441,2021-05-15 12:21:16.266,2021-05-14 15:00:07.179,m6sL7dLFqc,com.sec.android.app.shealth,5887d97b-0020-eb42-3dc3-1b50ee717886,1621036800000,
1319936,2021-03-24 11:49:14.304,2021-03-23 15:00:11.809,m6sL7dLFqc,com.sec.android.app.shealth,8ca72efd-b60f-011a-517f-da1d666d0b04,1616544000000,
589825,2021-05-21 10:26:57.280,2021-05-20 15:00:16.613,m6sL7dLFqc,com.sec.android.app.shealth,65ebf3f7-7109-6ec6-5d27-2c85a8338c7f,1621555200000,
1122304,2021-04-14 11:17:27.327,2021-04-13 15:00:04.734,m6sL7dLFqc,com.sec.android.app.shealth,5a01ecfb-a8f3-7330-7163-8c512036de9d,1618358400000,
296960,2021-05-27 09:19:23.309,2021-05-26 15:00:05.777,m6sL7dLFqc,com.sec.android.app.shealth,ae1db467-2685-d386-985f-4041b2c7b494,1622073600000,
1397760,2021-06-02 11:06:01.858,2021-06-01 15:00:05.602,m6sL7dLFqc,com.sec.android.app.shealth,fc13fd6f-3fa8-a8aa-ce24-a3fb24c4c8a7,1622592000000,
0,2021-04-19 15:00:10.627,2021-04-19 15:00:10.627,m6sL7dLFqc,com.sec.android.app.shealth,2cdd5a29-7f0d-9b3c-baae-c3228b4f3516,1618876800000,
102400,2021-06-08 07:39:06.611,2021-06-07 15:00:10.020,m6sL7dLFqc,com.sec.android.app.shealth,d95ee2c9-c26d-310f-13fb-a5f44dae6e45,1623110400000,
5902336,2021-04-26 13:20:06.319,2021-04-25 15:00:09.909,m6sL7dLFqc,com.sec.android.app.shealth,f5f9105b-9b47-4ecc-aa32-38435389973a,1619395200000,
1396737,2021-06-14 11:27:41.313,2021-06-13 15:00:07.189,m6sL7dLFqc,com.sec.android.app.shealth,fd243129-066f-8eb9-3cb9-45609e576656,1623628800000,
8192,2021-05-02 04:40:02.330,2021-05-01 15:00:05.969,m6sL7dLFqc,com.sec.android.app.shealth,f2bc6566-31dd-1cfd-8aa9-f7103d84e1d5,1619913600000,
1024,2021-05-08 01:51:16.278,2021-05-07 15:00:06.917,m6sL7dLFqc,com.sec.android.app.shealth,aa232a08-fadb-531b-7c16-31d38b61c0ee,1620432000000,
2049,2021-05-14 02:04:41.593,2021-05-13 15:00:04.653,m6sL7dLFqc,com.sec.android.app.shealth,9a2efb58-42f7-58dc-0316-0500690536e6,1620950400000,
1703936,2021-05-20 11:22:53.272,2021-05-19 15:00:04.879,m6sL7dLFqc,com.sec.android.app.shealth,3d977b8b-ff70-d897-d63e-8d0824594fa2,1621468800000,
0,2021-06-19 15:00:05.965,2021-06-19 15:00:05.965,m6sL7dLFqc,com.sec.android.app.shealth,57b4e30a-09bf-cf12-38d8-496b5b50236b,1624147200000,
81922,2021-05-26 07:20:02.621,2021-05-25 15:00:02.824,m6sL7dLFqc,com.sec.android.app.shealth,791f28cd-479b-1d49-9739-79e2d74a4cd0,1621987200000,
40960,2021-06-26 06:33:06.341,2021-06-25 15:00:18.404,m6sL7dLFqc,com.sec.android.app.shealth,1d22ddce-5a5c-5f6d-cfca-a1ad801aef08,1624665600000,
2048,2021-07-02 02:28:08.625,2021-07-01 15:00:18.944,m6sL7dLFqc,com.sec.android.app.shealth,e2234ff8-36d2-4a60-bde6-dade0cdb5d6a,1625184000000,
2494464,2021-06-01 12:48:20.278,2021-05-31 15:00:24.899,m6sL7dLFqc,com.sec.android.app.shealth,cada1204-f64e-e5ed-8bd9-83097747ee9e,1622505600000,
131072,2021-07-08 08:28:29.361,2021-07-07 15:00:13.807,m6sL7dLFqc,com.sec.android.app.shealth,7d2ef5b9-a2d9-e30e-05ec-47847d25100e,1625702400000,
589824,2021-06-07 10:04:27.301,2021-06-06 15:00:07.743,m6sL7dLFqc,com.sec.android.app.shealth,f3179b19-6dea-31e5-9fcb-5b0347485882,1623024000000,
4721664,2021-07-14 13:44:38.743,2021-07-13 15:00:05.743,m6sL7dLFqc,com.sec.android.app.shealth,28da83e6-1f85-b303-2576-9888ccde186b,1626220800000,
1048576,2021-06-13 11:39:25.309,2021-06-12 15:00:08.837,m6sL7dLFqc,com.sec.android.app.shealth,2c044572-31cd-ed43-5d80-5fc02186c2dc,1623542400000,
19456,2021-07-20 05:15:27.261,2021-07-19 15:00:04.476,m6sL7dLFqc,com.sec.android.app.shealth,b28e84ba-f8e4-7efe-9e99-b4c39c2876a3,1626739200000,
1053696,2021-07-26 11:41:28.245,2021-07-25 15:00:07.729,m6sL7dLFqc,com.sec.android.app.shealth,7dc3883e-be83-cba0-a7d6-83840362c38a,1627257600000,
524288,2021-06-19 10:39:49.340,2021-06-18 15:00:12.129,m6sL7dLFqc,com.sec.android.app.shealth,210cf907-fcad-a8a6-962b-534a44fe89fc,1624060800000,
0,2021-07-31 15:00:02.879,2021-07-31 15:00:02.879,m6sL7dLFqc,com.sec.android.app.shealth,39f3bb65-9662-e39a-d37d-2e21699b535c,1627776000000,
2686976,2021-06-25 12:23:00.708,2021-06-24 15:00:06.993,m6sL7dLFqc,com.sec.android.app.shealth,1f8eb735-f352-5e12-4fa7-0813de15ae85,1624579200000,
0,2021-08-06 15:00:09.276,2021-08-06 15:00:09.276,m6sL7dLFqc,com.sec.android.app.shealth,294706a1-fc75-8771-5f28-7d86d7880721,1628294400000,
262144,2021-08-13 09:36:48.327,2021-08-12 15:00:10.936,m6sL7dLFqc,com.sec.android.app.shealth,41261d0d-60fd-109d-25d1-c439b45ea4c5,1628812800000,
0,2021-06-30 15:00:13.294,2021-06-30 15:00:13.294,m6sL7dLFqc,com.sec.android.app.shealth,e2f06a9d-d9cc-3b48-430c-747539d1c8b4,1625097600000,
200704,2021-08-19 08:34:45.340,2021-08-18 15:00:13.929,m6sL7dLFqc,com.sec.android.app.shealth,eb3c163e-5d4c-27e8-3c06-9b9256002a61,1629331200000,
284672,2021-08-25 09:54:13.314,2021-08-24 15:00:15.102,m6sL7dLFqc,com.sec.android.app.shealth,62ef2a70-80e7-32fa-ecf8-922d5591682b,1629849600000,
425984,2021-08-31 09:55:48.281,2021-08-30 15:00:04.736,m6sL7dLFqc,com.sec.android.app.shealth,d7e20285-a503-fca1-bc1d-51e64346a652,1630368000000,
1378304,2021-09-06 11:07:00.289,2021-09-05 15:00:08.064,m6sL7dLFqc,com.sec.android.app.shealth,144cf5bc-5d81-b09a-83f3-d3541bd195aa,1630886400000,
8732674,2021-09-12 14:53:36.315,2021-09-11 15:00:06.106,m6sL7dLFqc,com.sec.android.app.shealth,012e5321-d851-227f-5c6c-63e621bfec1d,1631404800000,
0,2021-09-17 15:00:12.022,2021-09-17 15:00:12.022,m6sL7dLFqc,com.sec.android.app.shealth,154fea18-dbc2-f9e5-7335-8a5bf5420441,1631923200000,
1048582,2021-09-24 11:32:21.326,2021-09-23 15:00:09.162,m6sL7dLFqc,com.sec.android.app.shealth,8c5a4b9a-e504-0d28-b9b3-c3184b3b74af,1632441600000,
1065985,2021-09-30 11:18:22.281,2021-09-29 15:00:09.001,m6sL7dLFqc,com.sec.android.app.shealth,89c5b3d5-54ce-32c1-78d6-b5671bd215b0,1632960000000,
4800512,2021-10-06 13:07:43.288,2021-10-05 15:00:03.687,m6sL7dLFqc,com.sec.android.app.shealth,2e435a1e-7d90-5377-2fdc-70c269fa6b85,1633478400000,
2631680,2021-07-07 12:10:24.331,2021-07-06 15:00:08.970,m6sL7dLFqc,com.sec.android.app.shealth,2e56322d-382b-3ff4-c2a4-5ba7a1afd8fa,1625616000000,
82944,2021-10-12 07:39:31.871,2021-10-11 15:00:10.014,m6sL7dLFqc,com.sec.android.app.shealth,c5cce472-7e81-94a5-1202-80cd293b7107,1633996800000,
524288,2021-07-13 10:24:53.389,2021-07-12 15:00:22.188,m6sL7dLFqc,com.sec.android.app.shealth,aebf0883-2e6d-17e7-6bc5-4c6b55af2cac,1626134400000,
135168,2021-10-18 08:43:27.266,2021-10-17 15:00:05.803,m6sL7dLFqc,com.sec.android.app.shealth,029875f5-7ec4-6b98-c6eb-313e6c0e65e7,1634515200000,
333824,2021-07-19 09:21:05.669,2021-07-18 15:00:03.217,m6sL7dLFqc,com.sec.android.app.shealth,29ec05a2-c22c-f959-de94-c232e0bdf876,1626652800000,
1048576,2021-10-24 11:13:53.676,2021-10-23 15:00:09.142,m6sL7dLFqc,com.sec.android.app.shealth,d54b54f9-3f8e-ba2d-819e-3ce30e373d0b,1635033600000,
0,2021-07-24 15:00:08.800,2021-07-24 15:00:08.800,m6sL7dLFqc,com.sec.android.app.shealth,42f71d2b-8ea4-92a7-36ce-557b9437497a,1627171200000,
344064,2021-10-30 09:05:24.303,2021-10-29 15:00:13.128,m6sL7dLFqc,com.sec.android.app.shealth,501be402-51f9-4e7d-5eba-90eed02bf2a8,1635552000000,
0,2021-07-30 15:00:04.919,2021-07-30 15:00:04.919,m6sL7dLFqc,com.sec.android.app.shealth,8f20894f-f426-5861-e650-3b69994459bf,1627689600000,
0,2021-11-04 15:00:08.084,2021-11-04 15:00:08.084,m6sL7dLFqc,com.sec.android.app.shealth,e522b070-353d-940e-652f-265a3678fa63,1636070400000,
196608,2021-08-06 08:59:19.302,2021-08-05 15:00:06.768,m6sL7dLFqc,com.sec.android.app.shealth,a40188bc-97f5-685b-1b4b-072b9d6309e8,1628208000000,
8392704,2021-11-11 14:46:50.264,2021-11-10 15:00:08.131,m6sL7dLFqc,com.sec.android.app.shealth,21ccfb41-e37b-98fb-130e-8aedceb2736f,1636588800000,
1,2021-08-11 15:20:42.579,2021-08-11 15:00:14.085,m6sL7dLFqc,com.sec.android.app.shealth,7fd6c5c6-8e12-eadc-8dbf-8dc89e3b8d73,1628726400000,
0,2021-11-16 15:00:03.944,2021-11-16 15:00:03.944,m6sL7dLFqc,com.sec.android.app.shealth,8856f47b-fc1d-ed17-4815-898dc5ba260b,1637107200000,
169984,2021-08-18 08:40:59.349,2021-08-17 15:00:10.912,m6sL7dLFqc,com.sec.android.app.shealth,c4b528c1-d418-7622-6ad4-afcd9c2bdfc8,1629244800000,
0,2021-11-23 15:00:16.157,2021-11-23 15:00:16.157,m6sL7dLFqc,com.sec.android.app.shealth,5fda2a28-253f-c6ee-6588-667566f7b607,1637712000000,
8388610,2021-11-30 14:43:32.292,2021-11-29 15:00:09.919,m6sL7dLFqc,com.sec.android.app.shealth,5181f8e1-1bbc-71df-7040-2630f4da1112,1638230400000,
268288,2021-08-24 09:06:59.969,2021-08-23 15:00:15.885,m6sL7dLFqc,com.sec.android.app.shealth,7c35e334-f5a6-3061-dcde-e8563c428734,1629763200000,
16384,2021-08-30 05:08:01.691,2021-08-29 15:00:05.731,m6sL7dLFqc,com.sec.android.app.shealth,1cffc6f8-54c2-f6c6-460e-be7b88140c3d,1630281600000,
524288,2021-09-05 10:54:40.392,2021-09-04 15:00:03.034,m6sL7dLFqc,com.sec.android.app.shealth,7a884568-f087-0033-7a38-51cff897536f,1630800000000,
8392704,2021-09-11 14:55:46.321,2021-09-10 15:00:07.799,m6sL7dLFqc,com.sec.android.app.shealth,97c824e4-00dc-b3b4-035b-f638293b2545,1631318400000,
131072,2021-09-17 08:47:38.329,2021-09-16 15:00:04.034,m6sL7dLFqc,com.sec.android.app.shealth,bd33a652-3303-2ede-6e8c-00783f02147c,1631836800000,
4200448,2021-09-23 13:55:41.773,2021-09-22 15:00:06.959,m6sL7dLFqc,com.sec.android.app.shealth,c349b4df-3cda-8b06-e61a-a189c26ba461,1632355200000,
5275648,2021-09-29 13:21:39.332,2021-09-28 15:00:03.804,m6sL7dLFqc,com.sec.android.app.shealth,b64b3b52-3184-0569-475c-8db63e3bcad0,1632873600000,
3352576,2020-11-04 12:30:48.281,2020-11-03 15:00:19.020,m6sL7dLFqc,com.sec.android.app.shealth,4ed20c9b-4199-f02a-308f-3bcb6c49ff38,1604448000000,
0,2021-10-04 15:00:19.715,2021-10-04 15:00:19.715,m6sL7dLFqc,com.sec.android.app.shealth,9157842e-1c6b-79a2-cff7-7b36ea59e398,1633392000000,
890880,2020-11-10 10:44:42.324,2020-11-09 15:00:18.968,m6sL7dLFqc,com.sec.android.app.shealth,0514e63a-6d82-6eb6-10e2-0c92b578cbab,1604966400000,
1376768,2021-10-11 11:24:34.271,2021-10-10 15:00:04.841,m6sL7dLFqc,com.sec.android.app.shealth,6d536087-8d34-3717-dc7f-cd3f0ec95c2b,1633910400000,
1132544,2020-11-16 11:48:44.288,2020-11-15 15:00:07.211,m6sL7dLFqc,com.sec.android.app.shealth,430e26ec-2dfe-7555-819e-61d8e0457029,1605484800000,
13893632,2021-10-17 14:47:09.271,2021-10-16 15:00:08.044,m6sL7dLFqc,com.sec.android.app.shealth,13ccd801-08bd-2fc9-1c71-5cf51b27d154,1634428800000,
0,2020-11-22 01:44:47.235,2020-11-21 15:00:04.739,m6sL7dLFqc,com.sec.android.app.shealth,069ca6fd-b154-5bb1-e878-8c7aaf33f1a1,1606003200000,
2166784,2021-10-23 12:46:26.353,2021-10-22 15:00:03.892,m6sL7dLFqc,com.sec.android.app.shealth,85c651ab-124e-1b4f-7559-fdf6d5cb5e65,1634947200000,
131072,2020-11-28 08:41:46.255,2020-11-27 15:00:18.750,m6sL7dLFqc,com.sec.android.app.shealth,7c86a5c7-c369-eccd-61a3-64eed3325257,1606521600000,
10240,2021-10-29 04:37:46.598,2021-10-28 15:00:20.936,m6sL7dLFqc,com.sec.android.app.shealth,444670a6-da4b-3c0d-f3fd-cd22e72bde2b,1635465600000,
104448,2020-12-04 07:26:27.323,2020-12-03 15:00:07.803,m6sL7dLFqc,com.sec.android.app.shealth,dba18c2e-0896-b37c-71b7-5147732c5d19,1607040000000,
5868544,2020-12-10 13:01:51.274,2020-12-09 15:00:03.410,m6sL7dLFqc,com.sec.android.app.shealth,85d5e453-fd98-d6d4-a21b-cbe617e2f4d0,1607558400000,
2461696,2021-11-04 12:36:07.269,2021-11-03 15:00:11.991,m6sL7dLFqc,com.sec.android.app.shealth,8447a04d-fc81-dcf1-2949-708e21dcbd52,1635984000000,
4751362,2021-11-10 13:21:26.304,2021-11-09 15:00:14.884,m6sL7dLFqc,com.sec.android.app.shealth,03d171b2-dbae-20c7-e529-0fa15f0c025a,1636502400000,
274432,2020-12-16 09:31:49.263,2020-12-15 15:00:08.083,m6sL7dLFqc,com.sec.android.app.shealth,89eaa7e1-e061-d202-34b2-2698ffaf4002,1608076800000,
0,2021-11-15 15:00:04.684,2021-11-15 15:00:04.684,m6sL7dLFqc,com.sec.android.app.shealth,5a3218fb-6299-1cb1-5b87-96694bfbb2bc,1637020800000,
1614848,2020-12-22 11:55:39.292,2020-12-21 15:00:07.807,m6sL7dLFqc,com.sec.android.app.shealth,03578a8d-b388-a412-ccb5-f9c4d4859c91,1608595200000,
0,2021-11-22 15:00:09.924,2021-11-22 15:00:09.924,m6sL7dLFqc,com.sec.android.app.shealth,b85bef0d-8871-1eb8-8736-8560afb0dbba,1637625600000,
8523776,2020-12-28 14:02:39.291,2020-12-27 15:00:03.828,m6sL7dLFqc,com.sec.android.app.shealth,f2f75cc1-e1e7-19cc-81ef-87c5112b7d7f,1609113600000,
4734977,2021-11-29 13:01:41.674,2021-11-28 15:00:05.064,m6sL7dLFqc,com.sec.android.app.shealth,3be03996-64ff-7cde-30cf-226d90cc122c,1638144000000,
3145732,2021-01-03 12:30:21.278,2021-01-02 15:00:06.565,m6sL7dLFqc,com.sec.android.app.shealth,9417ac77-ae1a-ef4d-78de-e96059c331ad,1609632000000,
2097152,2021-01-09 12:26:09.313,2021-01-08 15:00:07.301,m6sL7dLFqc,com.sec.android.app.shealth,01060f08-c4e9-1688-9148-2a7e814ca040,1610150400000,
4608,2021-01-15 03:05:15.309,2021-01-14 15:00:06.395,m6sL7dLFqc,com.sec.android.app.shealth,cacde227-ef70-312e-cd8a-4db41093bfe0,1610668800000,
1090560,2021-01-21 11:31:57.271,2021-01-20 15:00:04.736,m6sL7dLFqc,com.sec.android.app.shealth,8d4e832d-f255-5e91-62cd-ed719802afc2,1611187200000,
149504,2021-01-28 08:05:43.233,2021-01-27 15:00:04.841,m6sL7dLFqc,com.sec.android.app.shealth,23ca11aa-d6af-a6e2-1c5e-62f06e9dec8f,1611792000000,
299008,2021-02-03 09:29:26.288,2021-02-02 15:00:13.724,m6sL7dLFqc,com.sec.android.app.shealth,e1ae7529-58ce-8251-11f7-feeb0a53a8ab,1612310400000,
2304000,2021-02-09 12:47:28.323,2021-02-08 15:00:07.172,m6sL7dLFqc,com.sec.android.app.shealth,a8a82638-dc47-662f-2c0c-b19407e004d8,1612828800000,
5308416,2021-02-15 13:12:58.265,2021-02-15 00:55:51.122,m6sL7dLFqc,com.sec.android.app.shealth,4d97246e-0d88-5afc-93d2-fe3f30aa9f4c,1613347200000,
0,2021-03-02 03:29:30.833,2021-03-02 03:29:30.833,m6sL7dLFqc,com.sec.android.app.shealth,a775c345-227e-cc7d-5088-31bfbbadec4f,1614643200000,
5505024,2021-03-08 13:39:52.342,2021-03-08 03:16:04.983,m6sL7dLFqc,com.sec.android.app.shealth,13d4cfc6-10d4-80ae-1b39-cf9c6123b9cd,1615161600000,
0,2021-03-13 15:00:08.940,2021-03-13 15:00:08.940,m6sL7dLFqc,com.sec.android.app.shealth,e5466366-54bc-74d0-07ba-ebdcd49d7d30,1615680000000,
0,2021-03-19 15:00:08.031,2021-03-19 15:00:08.030,m6sL7dLFqc,com.sec.android.app.shealth,5432af0a-6871-c8a7-aac6-443ca43810c5,1616198400000,
20481,2021-03-26 05:47:13.455,2021-03-25 15:00:04.665,m6sL7dLFqc,com.sec.android.app.shealth,b16dd1b5-90b5-ad98-935e-4d1e657c7d45,1616716800000,
5506049,2021-04-16 13:37:49.283,2021-04-15 15:00:03.064,m6sL7dLFqc,com.sec.android.app.shealth,baeb7a3b-4106-3c5a-08f1-fa1a2a7f5da3,1618531200000,
346112,2021-04-22 09:01:51.221,2021-04-21 15:00:08.029,m6sL7dLFqc,com.sec.android.app.shealth,8651c944-1c08-27d4-d7bf-2fcbf1080790,1619049600000,
4278274,2021-04-28 13:26:47.346,2021-04-27 15:00:04.627,m6sL7dLFqc,com.sec.android.app.shealth,aad3c8ca-74c8-76d8-f7d1-4c68b4c2ae36,1619568000000,
1,2021-05-04 03:16:45.173,2021-05-03 15:00:08.751,m6sL7dLFqc,com.sec.android.app.shealth,794494dd-7f14-77a5-8650-4a69059ba681,1620086400000,
102400,2021-05-10 07:56:24.919,2021-05-09 15:00:03.773,m6sL7dLFqc,com.sec.android.app.shealth,63310ec5-d13b-6733-0b3a-f699f3f1f5b5,1620604800000,
524288,2021-05-16 10:29:41.347,2021-05-15 15:00:03.965,m6sL7dLFqc,com.sec.android.app.shealth,a9203186-a08d-597a-f32b-8f585fbbb6a6,1621123200000,
7340032,2021-05-22 13:53:32.265,2021-05-21 15:00:03.790,m6sL7dLFqc,com.sec.android.app.shealth,6a0de6f2-06f1-dc90-6a41-869fe7d77fdf,1621641600000,
1130496,2021-05-28 11:24:37.294,2021-05-27 15:00:07.829,m6sL7dLFqc,com.sec.android.app.shealth,a53b4253-000d-75f0-252d-403013a311f1,1622160000000,
174080,2021-06-03 08:26:42.308,2021-06-02 15:00:07.791,m6sL7dLFqc,com.sec.android.app.shealth,4bd57978-9300-e9e3-5b92-5a6227f434ab,1622678400000,
868352,2021-06-09 10:07:56.245,2021-06-08 15:00:11.802,m6sL7dLFqc,com.sec.android.app.shealth,ee3a7bc4-4f47-8f28-3721-f678bbbf8327,1623196800000,
2630656,2021-06-15 12:51:44.326,2021-06-14 15:00:15.085,m6sL7dLFqc,com.sec.android.app.shealth,00f5b547-5d3f-c4d7-1a7d-6c02a8015b74,1623715200000,
2363394,2021-06-21 12:14:14.344,2021-06-20 15:00:04.749,m6sL7dLFqc,com.sec.android.app.shealth,4b8010e2-6e7b-54e1-f5c6-0724fbbeb7ff,1624233600000,
0,2021-06-26 15:00:04.844,2021-06-26 15:00:04.844,m6sL7dLFqc,com.sec.android.app.shealth,c8200cad-28dc-db1f-de21-d13b2a418ddf,1624752000000,
0,2021-07-02 15:00:10.254,2021-07-02 15:00:10.254,m6sL7dLFqc,com.sec.android.app.shealth,ab8ea02c-b8d7-b3ec-3e61-6f551ff7b417,1625270400000,
294912,2021-07-09 09:27:58.364,2021-07-08 15:00:09.486,m6sL7dLFqc,com.sec.android.app.shealth,e4654644-228a-b7d3-a8ac-b60baaab3af3,1625788800000,
1212416,2021-07-15 11:11:56.269,2021-07-14 15:00:04.026,m6sL7dLFqc,com.sec.android.app.shealth,5063bc22-144c-6f79-e74d-bee55429d6f8,1626307200000,
2231296,2021-07-21 12:08:12.269,2021-07-20 15:00:10.965,m6sL7dLFqc,com.sec.android.app.shealth,497f94f1-a93e-e38e-7ba4-95619a3a53b7,1626825600000,
294912,2021-07-27 09:31:47.297,2021-07-26 15:00:22.521,m6sL7dLFqc,com.sec.android.app.shealth,0c7e1da8-5c24-a75d-a747-55c12bc3d666,1627344000000,
1572864,2021-08-02 11:50:58.300,2021-08-02 04:06:03.578,m6sL7dLFqc,com.sec.android.app.shealth,b9216541-90e5-a44f-e867-f9fe0936a5a6,1627862400000,
0,2021-08-07 15:00:12.414,2021-08-07 15:00:12.413,m6sL7dLFqc,com.sec.android.app.shealth,40bd2415-a3eb-e0d4-87b7-05f8ff95c403,1628380800000,
0,2021-08-13 15:00:03.744,2021-08-13 15:00:03.744,m6sL7dLFqc,com.sec.android.app.shealth,d5ee950c-326e-903d-11e7-d4ba1987c434,1628899200000,
10555392,2021-08-20 14:29:37.270,2021-08-19 15:00:04.823,m6sL7dLFqc,com.sec.android.app.shealth,3d9b44be-3d7a-8ad1-f8d2-7d137ccdb2e8,1629417600000,
3072,2021-08-26 02:45:17.673,2021-08-25 15:00:12.947,m6sL7dLFqc,com.sec.android.app.shealth,61415653-9065-6e1c-d2d6-3a2401f64b7e,1629936000000,
4743168,2021-09-01 13:56:03.290,2021-08-31 15:00:12.005,m6sL7dLFqc,com.sec.android.app.shealth,c4bb1d2f-ef47-2b97-3c42-6526f520b4a3,1630454400000,
8388634,2021-09-07 14:06:08.565,2021-09-06 15:00:07.104,m6sL7dLFqc,com.sec.android.app.shealth,049cdd46-8efc-2674-cc1d-24618debe297,1630972800000,
851968,2021-09-13 10:47:32.301,2021-09-12 15:00:04.992,m6sL7dLFqc,com.sec.android.app.shealth,b2a26ec5-9494-207e-c74d-54b03575b318,1631491200000,
16384,2021-09-19 05:23:53.322,2021-09-18 15:00:04.086,m6sL7dLFqc,com.sec.android.app.shealth,bf298531-afad-59e9-91ce-c03c20a2b581,1632009600000,
8192,2021-09-25 04:06:56.345,2021-09-24 15:00:04.857,m6sL7dLFqc,com.sec.android.app.shealth,7cb4a146-b1bf-ba23-6660-47f232982200,1632528000000,
32768,2021-10-01 06:10:41.617,2021-09-30 15:00:07.063,m6sL7dLFqc,com.sec.android.app.shealth,9af74335-6d49-2fba-7c6d-fef81005f6ef,1633046400000,
149504,2021-10-07 08:50:29.260,2021-10-06 15:00:08.966,m6sL7dLFqc,com.sec.android.app.shealth,1668c01f-561a-19ae-0188-bba27135d986,1633564800000,
10487809,2021-10-13 14:24:43.287,2021-10-12 15:00:03.783,m6sL7dLFqc,com.sec.android.app.shealth,867ac061-d13b-a119-0705-72edcc84a2fa,1634083200000,
131072,2021-10-19 08:28:45.326,2021-10-18 15:00:03.904,m6sL7dLFqc,com.sec.android.app.shealth,7affd352-9ba9-ef95-b3b5-306ac09de374,1634601600000,
1048576,2021-10-25 11:56:25.303,2021-10-24 15:00:06.935,m6sL7dLFqc,com.sec.android.app.shealth,3d84388f-46f2-b448-c194-b5b541897f0c,1635120000000,
0,2021-10-30 15:00:06.901,2021-10-30 15:00:06.901,m6sL7dLFqc,com.sec.android.app.shealth,2b5a4508-2585-2cd6-9e29-c219b5d42295,1635638400000,
32768,2021-11-06 06:31:45.277,2021-11-05 15:00:18.146,m6sL7dLFqc,com.sec.android.app.shealth,cff06675-4a16-fdab-343b-956fff0309c1,1636156800000,
13008906,2021-11-12 14:46:50.776,2021-11-11 15:00:25.047,m6sL7dLFqc,com.sec.android.app.shealth,5aec2b52-2166-50ed-2bf5-42257c1870d9,1636675200000,
0,2021-11-17 15:00:03.990,2021-11-17 15:00:03.990,m6sL7dLFqc,com.sec.android.app.shealth,b8417061-1dac-e7b4-4359-3821d14a9b4e,1637193600000,
0,2021-11-24 15:00:07.731,2021-11-24 15:00:07.731,m6sL7dLFqc,com.sec.android.app.shealth,7e286ca0-cf12-8d0e-edc4-0d516d9cce04,1637798400000,
8409088,2021-12-01 14:28:40.301,2021-11-30 15:00:08.862,m6sL7dLFqc,com.sec.android.app.shealth,5d0c2f2a-c3fd-eb6c-4399-d7d9051cf24c,1638316800000,
